fiscalyear,school,traveler_type,total_trips,total_emissions,total_distance_miles,total_distance_km,median_distance_miles,median_distance_km,percapita_trips,percapita_emissions
FY17-18,All Children's Hospital,Medical Providers,4,0.35065343759999995,2448,3938,612.0,984.5,2.323177177107412e-05,7.37488188226812e-06
FY17-18,All Children's Hospital,Unavailable,4,0.35065343759999995,2448,3938,612.0,984.5,2.323177177107412e-05,7.37488188226812e-06
FY17-18,BIOETHICS INSTITUTE,Faculty,11,3.4687138004,22863,36787,1217.0,1958.0,6.388737237045383e-05,7.295338307940593e-05
FY17-18,BOLOGNA CENTER,Administrative & Staff,41,10.8333066472,68419,110088,724.0,1165.0,0.00023812566065350974,0.0002278442141172669
FY17-18,BOLOGNA CENTER,Deans/Executive,4,1.4769460803,8996,14476,2237.5,3600.5,2.323177177107412e-05,3.106287211453645e-05
FY17-18,BOLOGNA CENTER,Faculty,39,14.1731569682,88277,142051,880.0,1416.0,0.0002265097747679727,0.00029808736299501306
FY17-18,Bloomberg School of Public Health,Administrative & Staff,409,121.76437477900001,761651,1225528,863.0,1388.0,0.0023754486635923287,0.0025609270726378087
FY17-18,Bloomberg School of Public Health,Deans/Executive,19,3.6692964954000002,24378,39219,666.0,1071.0,0.00011035091591260208,7.717200330277148e-05
FY17-18,Bloomberg School of Public Health,Faculty,268,90.0464661415,571677,919875,931.5,1498.5,0.001556528708661966,0.0018938415555097305
FY17-18,Bloomberg School of Public Health,Students,23,11.4269804468,70717,113794,3807.0,6126.0,0.0001335826876836762,0.00024033025782644544
FY17-18,CENTER FOR TALENTED YOUTH,Administrative & Staff,261,77.112451775,499702,804044,1207.0,1942.0,0.0015158731080625865,0.0016218156233832447
FY17-18,CENTER FOR TALENTED YOUTH,Deans/Executive,9,2.4152334304000003,15482,24913,944.0,1519.0,5.227148648491677e-05,5.079676785494387e-05
FY17-18,CENTER FOR TALENTED YOUTH,Non-Employees & Affiliates,79,24.9044566544,163903,263726,1239.0,1993.0,0.00045882749247871387,0.0005237861845169782
FY17-18,CGEPI,Administrative & Staff,35,10.0315814452,65223,104951,1215.0,1955.0,0.00020327800299689856,0.00021098246963457843
FY17-18,CGEPI,Deans/Executive,23,6.536449979,42976,69147,1395.0,2245.0,0.0001335826876836762,0.0001374734748200824
FY17-18,Carey Business School,Administrative & Staff,29,15.498408434200002,97037,156151,2076.0,3340.0,0.00016843034534028738,0.0003259598204645493
FY17-18,Carey Business School,Deans/Executive,35,17.773182385400002,111188,178918,2416.0,3888.0,0.00020327800299689856,0.00037380246907447795
FY17-18,Carey Business School,Faculty,61,15.9567304503,103319,166241,1082.0,1741.0,0.00035428451950888037,0.0003355991690929697
FY17-18,Carey Business School,Students,5,1.0897256607,7029,11308,679.0,1092.0,2.903971471384265e-05,2.291891985073495e-05
FY17-18,EMRS PROJECT,Unavailable,173,10.2957141271,76085,122326,408.0,656.0,0.0010047741290989556,0.0002165376620878213
FY17-18,HUMAN LANGUAGE TECHNOLOGY COE,Faculty,28,9.631528062100001,61372,98754,1141.0,1835.5,0.00016262240239751886,0.00020256861672283312
FY17-18,Homewood Student Affairs,Administrative & Staff,437,65.01087435150001,449631,723381,627.0,1009.0,0.0025380710659898475,0.0013672973597144815
FY17-18,Homewood Student Affairs,Deans/Executive,79,8.1641485925,59755,96119,576.0,926.0,0.00045882749247871387,0.00017170694789439314
FY17-18,Homewood Student Affairs,Faculty,158,14.9924458347,110925,178419,576.0,926.0,0.0009176549849574277,0.00031531850340318804
FY17-18,Homewood Student Affairs,Students,6,0.22918529399999998,1352,2172,208.5,335.0,3.484765765661118e-05,4.820185092070783e-06
FY17-18,Howard County General Hospital,Unavailable,24,4.0472361765,29280,47108,1093.0,1758.5,0.00013939063062644473,8.512076469467915e-05
FY17-18,INSTITUTION WIDE FUNDS,Administrative & Staff,16,3.4415099038,25226,40590,1488.0,2394.0,9.292708708429648e-05,7.2381235475391e-05
FY17-18,INSTITUTION WIDE FUNDS,Deans/Executive,5,0.6784230475,5060,8140,935.0,1504.0,2.903971471384265e-05,1.4268475095425316e-05
FY17-18,JH Bayview Medical Center,Medical Providers,14,5.2213015765,33005,53108,1425.5,2293.5,8.131120119875943e-05,0.00010981350321827796
FY17-18,JH Bayview Medical Center,Unavailable,25,8.5381104918,54456,87621,718.0,1155.0,0.00014519857356921326,0.00017957204927392725
FY17-18,JH Community Physicians,Medical Providers,24,11.860623276599998,75012,120706,2165.0,3484.0,0.00013939063062644473,0.00024945055811711477
FY17-18,JH Community Physicians,Unavailable,14,4.3387491136000005,27240,43828,344.0,553.0,8.131120119875943e-05,9.125181389522335e-05
FY17-18,JH HEALTH SYSTEM CORPORATION,Administrative & Staff,27,6.5299468302,45054,72496,1996.0,3212.0,0.0001568144594547503,0.00013733670172984532
FY17-18,JH HEALTH SYSTEM CORPORATION,Non-Employees & Affiliates,4,0.4829434496,3712,5972,928.0,1493.0,2.323177177107412e-05,1.0157182319364514e-05
FY17-18,JH HEALTH SYSTEM CORPORATION,Unavailable,736,246.27806001620002,1574814,2533978,922.0,1483.0,0.004274646005877639,0.005179677162855838
FY17-18,JH TECHNOLOGY VENTURES,Administrative & Staff,14,1.65410465,12034,19362,369.0,593.0,8.131120119875943e-05,3.4788840223993435e-05
FY17-18,JH TECHNOLOGY VENTURES,Deans/Executive,2,0.1584658194,1218,1960,609.0,980.0,1.161588588553706e-05,3.332825448541481e-06
FY17-18,JHBMC GRANT COMPANY,Medical Providers,2,0.0960162354,738,1186,369.0,593.0,1.161588588553706e-05,2.019396700347794e-06
FY17-18,JHBMC GRANT COMPANY,Unavailable,6,0.2880487062,2214,3558,369.0,593.0,3.484765765661118e-05,6.058190101043381e-06
FY17-18,JHHCG CORP (GROUP),Unavailable,17,8.68735064,54640,87923,1996.0,3212.0,9.873503002706502e-05,0.0001827108420164148
FY17-18,JHHCG HOME HEALTH SERVICES,Medical Providers,4,2.6596169974,16328,26274,4082.0,6568.5,2.323177177107412e-05,5.5936600371424966e-05
FY17-18,JHHCG PEDIATRICS AT HOME,Unavailable,2,0.2414717248,1856,2986,928.0,1493.0,1.161588588553706e-05,5.078591159682257e-06
FY17-18,JHHCG PHARMAQUIP,Medical Providers,2,0.5193723736,3992,6424,1996.0,3212.0,1.161588588553706e-05,1.0923349089144163e-05
FY17-18,JHHCG PHARMAQUIP,Unavailable,4,0.615388609,4730,7610,1182.5,1902.5,2.323177177107412e-05,1.2942745789491958e-05
FY17-18,JHMMC INTRASTAFF DIVISION,Unavailable,6,0.8628450856000001,6632,10670,1215.0,1955.0,3.484765765661118e-05,1.8147207204209442e-05
FY17-18,JHPEIGO,Administrative & Staff,1051,513.6948667442,3191762,5136056,2593.0,4173.0,0.006104148032849725,0.0108039407561363
FY17-18,JHPEIGO,Faculty,774,381.3136301407,2385427,3838571,2780.0,4473.0,0.004495347837702842,0.008019721699105156
FY17-18,JHU PRESS BOOK DIVISION,Administrative & Staff,70,8.1842908965,59574,95831,445.0,716.0,0.0004065560059937971,0.00017213057731566288
FY17-18,JHU PRESS MUSE,Administrative & Staff,25,3.0050986660000003,20959,33719,609.0,980.0,0.00014519857356921326,6.320271051097633e-05
FY17-18,JOHNS HOPKINS IMAGING LLC,Unavailable,14,1.5279331552000002,11744,18890,408.0,656.0,8.131120119875943e-05,3.2135223372472215e-05
FY17-18,Johns Hopkins HealthCare,Unavailable,117,30.795006373099998,199865,321596,633.0,1018.0,0.000679529324303918,0.0006476751978241736
FY17-18,Johns Hopkins Hospital,Medical Providers,122,48.286447949700005,307219,494344,1811.0,2914.0,0.0007085690390177607,0.0010155521433944878
FY17-18,Johns Hopkins Hospital,Non-Employees & Affiliates,5,0.258905567,1990,3200,408.0,656.0,2.903971471384265e-05,5.445256685219661e-06
FY17-18,Johns Hopkins Hospital,Unavailable,161,51.8828304478,337270,542687,1023.0,1646.0,0.0009350788137857333,0.0010911906322354247
FY17-18,Johns Hopkins International,Trustee,13,5.0498052964,32423,52172,1158.0,1863.0,7.550325825599089e-05,0.00010620662339516148
FY17-18,Johns Hopkins International,Unavailable,450,189.8788457444,1198942,1929251,1765.0,2840.0,0.0026135743242458385,0.003993498734507655
FY17-18,Krieger School of Arts and Sciences,Administrative & Staff,230,52.5557902105,345800,556390,922.0,1483.0,0.0013358268768367619,0.0011053442044787207
FY17-18,Krieger School of Arts and Sciences,Deans/Executive,98,22.310184695900002,149694,240848,1056.0,1699.0,0.0005691784083913159,0.00046922390959571315
FY17-18,Krieger School of Arts and Sciences,Faculty,609,180.8935410709,1162088,1869861,1207.0,1942.0,0.0035370372521460348,0.0038045213752757024
FY17-18,Krieger School of Arts and Sciences,Non-Employees & Affiliates,35,7.4817974666,49266,79266,736.0,1184.0,0.00020327800299689856,0.00015735585813982583
FY17-18,Krieger School of Arts and Sciences,Postdocs,28,8.5944711552,55951,90031,1675.0,2695.0,0.00016262240239751886,0.00018075741690707001
FY17-18,Krieger School of Arts and Sciences,Students,78,24.4001041884,156805,252313,1364.5,2195.5,0.0004530195495359454,0.0005131787315022907
FY17-18,NANJING CENTER,Administrative & Staff,80,16.9174603764,112973,181775,697.5,1122.0,0.0004646354354214824,0.0003558050731737677
FY17-18,NANJING CENTER,Faculty,10,4.9651659192,31254,50293,1090.0,1754.0,5.80794294276853e-05,0.00010442650279029583
FY17-18,NITZE SCH ADV INT STUDIES-SAIS,Administrative & Staff,181,53.261497308600006,337937,543774,761.0,1224.0,0.001051237672641104,0.0011201865129630958
FY17-18,NITZE SCH ADV INT STUDIES-SAIS,Deans/Executive,66,24.6958488521,155326,249938,1239.0,1993.0,0.000383324234222723,0.0005193987816379082
FY17-18,NITZE SCH ADV INT STUDIES-SAIS,Faculty,510,178.93742568940002,1119287,1801085,945.0,1520.0,0.0029620509008119506,0.003763380698072057
FY17-18,NITZE SCH ADV INT STUDIES-SAIS,Postdocs,2,2.2763747956000007,13847,22283,6923.5,11141.5,1.161588588553706e-05,4.787631728987288e-05
FY17-18,NITZE SCH ADV INT STUDIES-SAIS,Students,38,17.2030233816,108110,173968,2066.5,3325.0,0.00022070183182520416,0.0003618109844453346
FY17-18,PEABODY INSTITUTE,Administrative & Staff,105,13.655336980000001,97134,156264,724.0,1165.0,0.0006098340089906956,0.0002871966634045851
FY17-18,PEABODY INSTITUTE,Deans/Executive,39,14.444840381299999,92446,148763,1996.0,3212.0,0.0002265097747679727,0.0003038013611086421
FY17-18,PEABODY INSTITUTE,Faculty,117,11.3674293528,79160,127322,374.0,601.0,0.000679529324303918,0.00023907778961391126
FY17-18,PEDIATRIC PHYSICIANS SERVICES,Medical Providers,4,0.35065343759999995,2448,3938,612.0,984.5,2.323177177107412e-05,7.37488188226812e-06
FY17-18,School of Education,Administrative & Staff,98,8.7510019352,63638,102358,408.0,656.0,0.0005691784083913159,0.00018404954494477126
FY17-18,School of Education,Deans/Executive,6,5.3818167068000005,32638,52524,8068.0,12984.0,3.484765765661118e-05,0.00011318942941589804
FY17-18,School of Education,Faculty,104,18.8418391208,130584,210102,789.0,1269.0,0.0006040260660479271,0.0003962782709665317
FY17-18,School of Education,Postdocs,2,1.1635863943999998,7078,11390,3539.0,5695.0,1.161588588553706e-05,2.447234590725212e-05
FY17-18,School of Medicine (SOM),Administrative & Staff,1095,280.5998756228,1831257,2946509,902.0,1451.0,0.006359697522331541,0.0059015275967660335
FY17-18,School of Medicine (SOM),Deans/Executive,25,4.4683856366,30999,49873,922.0,1483.0,0.00014519857356921326,9.397830661491979e-05
FY17-18,School of Medicine (SOM),Faculty,2361,715.8846011479,4619711,7433439,1058.0,1702.0,0.0137125532878765,0.015056359951682355
FY17-18,School of Medicine (SOM),Guests,11,5.8514075564,35758,57544,2416.0,3888.0,6.388737237045383e-05,0.00012306578218316928
FY17-18,School of Medicine (SOM),Medical Providers,27,5.8310592719,38654,62193,664.0,1068.0,0.0001568144594547503,0.00012263782061598376
FY17-18,School of Medicine (SOM),Non-Employees & Affiliates,121,36.8831339566,236386,380357,788.0,1268.0,0.0007027610960749921,0.0007757196342905536
FY17-18,School of Medicine (SOM),Postdocs,45,9.3515241398,61119,98340,844.0,1358.0,0.00026135743242458386,0.00019667962311231026
FY17-18,School of Medicine (SOM),Students,31,7.0991629727,49012,78861,1862.0,2996.0,0.00018004623122582443,0.00014930835626473244
FY17-18,School of Medicine (SOM),Unavailable,4,0.33306444800000007,2560,4116,640.0,1029.0,2.323177177107412e-05,7.004953323699665e-06
FY17-18,School of Nursing (SON),Administrative & Staff,64,18.7913597711,121373,195296,705.5,1135.0,0.0003717083483371859,0.0003952165980963634
FY17-18,School of Nursing (SON),Deans/Executive,6,1.0868829682,8354,13442,1246.0,2005.0,3.484765765661118e-05,2.2859132838354295e-05
FY17-18,School of Nursing (SON),Faculty,216,73.5155570888,466477,750599,1215.0,1955.0,0.0012545156756380025,0.0015461663622916065
FY17-18,School of Nursing (SON),Students,6,1.579325994,10230,16461,2163.5,3481.5,3.484765765661118e-05,3.321610858591421e-05
FY17-18,Sheridan Libraries,Administrative & Staff,28,5.7534805053,38506,61954,982.5,1580.5,0.00016262240239751886,0.00012100619754061069
FY17-18,Sheridan Libraries,Deans/Executive,6,0.37215565780000004,2606,4190,473.0,761.0,3.484765765661118e-05,7.827112823641102e-06
FY17-18,Suburban Hospital,Unavailable,2,0.15898623260000003,1222,1966,611.0,983.0,1.161588588553706e-05,3.343770688109762e-06
FY17-18,U-WIDE STUDENT AFFAIRS,Administrative & Staff,8,0.9272549252000001,6514,10479,515.0,828.0,4.646354354214824e-05,1.9501863705959467e-05
FY17-18,U-WIDE STUDENT AFFAIRS,Deans/Executive,18,2.4134170572,16734,26919,683.0,1099.0,0.00010454297296983354,5.075856621090523e-05
FY17-18,Unavailable,Unavailable,17393,5727.9811591439,36372928,58526858,962.0,1548.0,0.10101755160357305,0.12046989974395021
FY17-18,University Administration,Administrative & Staff,1042,218.2622421133,1463324,2354424,844.0,1358.0,0.006051876546364809,0.004590453371744143
FY17-18,University Administration,Deans/Executive,213,46.2803758337,306702,493474,886.0,1425.0,0.0012370918468096969,0.0009733607848723213
FY17-18,University Administration,Faculty,42,16.3796812326,102864,165520,719.0,1157.0,0.00024393360359627826,0.0003444945961072446
FY17-18,Whiting School of Engineering,Administrative & Staff,147,22.5043580755,154829,249097,664.0,1068.0,0.0008537676125869739,0.00047330773021652886
FY17-18,Whiting School of Engineering,Deans/Executive,78,18.5546383445,123360,198485,1239.0,1993.0,0.0004530195495359454,0.0003902379143791129
FY17-18,Whiting School of Engineering,Faculty,392,98.7290713532,643667,1035671,736.0,1184.0,0.0022767136335652637,0.0020764525925065997
FY17-18,Whiting School of Engineering,Postdocs,13,6.135954480300001,39790,64030,1862.0,2996.0,7.550325825599089e-05,0.0001290503234102228
FY17-18,Whiting School of Engineering,Students,54,18.8970520925,118658,190938,2352.5,3785.5,0.0003136289189095006,0.0003974395005482049
FY18-19,All Children’s Hospital,Unavailable,30,2.4164408267999997,18403,29597,576.0,926.0,0.0001742382882830559,5.0822161605240504e-05
FY18-19,BIOETHICS INSTITUTE,Faculty,4,0.6981343078,5366,8632,1341.5,2158.0,2.323177177107412e-05,1.4683038880848592e-05
FY18-19,BOLOGNA CENTER,Administrative & Staff,4,0.1742181044,1104,1776,276.0,444.0,2.323177177107412e-05,3.664124756615978e-06
FY18-19,BOLOGNA CENTER,Faculty,4,1.4294837046000002,8952,14404,2238.0,3601.0,2.323177177107412e-05,3.0064651714830518e-05
FY18-19,Bloomberg School of Public Health,Administrative & Staff,452,110.0733323351,709751,1142009,922.0,1483.5,0.0026251902101313757,0.0023150431089884937
FY18-19,Bloomberg School of Public Health,Deans/Executive,28,14.1437935598,87965,141554,2386.5,3840.5,0.00016262240239751886,0.0002974697969158297
FY18-19,Bloomberg School of Public Health,Faculty,262,90.3613220667,578293,930520,1363.0,2193.0,0.0015216810510053549,0.0019004635503607576
FY18-19,Bloomberg School of Public Health,Students,4,1.389573435,9330,15014,2332.5,3753.5,2.323177177107412e-05,2.922526589216754e-05
FY18-19,CENTER FOR TALENTED YOUTH,Administrative & Staff,344,96.397233762,626796,1008542,999.0,1607.0,0.0019979323723123745,0.0020274097913824036
FY18-19,CENTER FOR TALENTED YOUTH,Deans/Executive,27,11.3446766619,70538,113508,3529.0,5679.0,0.0001568144594547503,0.00023859925899108396
FY18-19,CENTER FOR TALENTED YOUTH,Non-Employees & Affiliates,115,37.1318759062,240382,386790,1239.0,1993.0,0.0006679134384183809,0.0007809511315489883
FY18-19,CGEPI,Administrative & Staff,8,1.7186485177000002,11309,18197,1282.5,2063.5,4.646354354214824e-05,3.614631558134394e-05
FY18-19,CGEPI,Deans/Executive,8,2.9514332977,18329,29494,1421.5,2287.5,4.646354354214824e-05,6.20740298538302e-05
FY18-19,Carey Business School,Administrative & Staff,62,20.352312016400003,131773,212041,1976.0,3180.0,0.00036009246245164887,0.00042804627320732174
FY18-19,Carey Business School,Deans/Executive,14,12.7147870164,77343,124466,6867.0,11050.5,8.131120119875943e-05,0.0002674151807720544
FY18-19,Carey Business School,Faculty,56,14.4604408426,93050,149719,620.0,997.0,0.0003252448047950377,0.00030412946728716376
FY18-19,EMRS PROJECT,Unavailable,186,10.945273223500001,81466,130972,408.0,656.0,0.0010802773873549467,0.00023019907560280125
FY18-19,HUMAN LANGUAGE TECHNOLOGY COE,Faculty,6,1.3914350501,8723,14034,500.0,804.0,3.484765765661118e-05,2.9264419055948606e-05
FY18-19,Homewood Student Affairs,Administrative & Staff,734,108.22587425180001,758696,1220625,729.5,1173.5,0.0042630301199921014,0.0022761876931111195
FY18-19,Homewood Student Affairs,Deans/Executive,170,30.198094638100002,209578,337197,789.0,1269.0,0.00098735030027065,0.0006351210544229435
FY18-19,Homewood Student Affairs,Faculty,206,18.1769084696,132871,213711,471.0,757.5,0.0011964362462103173,0.00038229356559457554
FY18-19,Homewood Student Affairs,Students,7,1.8401077324,11625,18705,736.0,1184.0,4.0655600599379715e-05,3.870082458047528e-05
FY18-19,Howard County General Hospital,Unavailable,4,0.2464156502,1894,3046,473.5,761.5,2.323177177107412e-05,5.1825709355809234e-06
FY18-19,INSTITUTION WIDE FUNDS,Administrative & Staff,6,0.6656084828,5116,8230,576.0,926.0,3.484765765661118e-05,1.3998961407831047e-05
FY18-19,INSTITUTION WIDE FUNDS,Deans/Executive,6,1.8436206172,11701,18827,1488.0,2394.0,3.484765765661118e-05,3.877470696030687e-05
FY18-19,JH Bayview Medical Center,Medical Providers,20,0.9537699384,7200,11572,359.0,577.0,0.0001161588588553706,2.0059522834571355e-05
FY18-19,JH Bayview Medical Center,Unavailable,51,9.4632452053,63917,102832,408.0,656.0,0.00029620509008119507,0.00019902932105756043
FY18-19,JH Community Physicians,Medical Providers,10,2.8275707386,18572,29884,2165.0,3484.0,5.80794294276853e-05,5.946897413485568e-05
FY18-19,JH Community Physicians,Unavailable,2,0.20530300740000004,1578,2538,789.0,1269.0,1.161588588553706e-05,4.317897009686747e-06
FY18-19,JH HEALTH SYSTEM CORPORATION,Administrative & Staff,19,3.835393203,26715,42983,1488.0,2394.0,0.00011035091591260208,8.066532025972929e-05
FY18-19,JH HEALTH SYSTEM CORPORATION,Medical Providers,4,1.7857973331,11682,18798,2918.0,4695.5,2.323177177107412e-05,3.755857774394715e-05
FY18-19,JH HEALTH SYSTEM CORPORATION,Unavailable,461,96.4253174427,647230,1041352,844.0,1358.0,0.0026774616966162923,0.0020280004424520163
FY18-19,JH TECHNOLOGY VENTURES,Administrative & Staff,22,2.7550471871,20882,33599,928.0,1493.0,0.00012777474474090766,5.7943671460922654e-05
FY18-19,JH TECHNOLOGY VENTURES,Deans/Executive,8,0.8049478964000001,5878,9458,468.0,753.0,4.646354354214824e-05,1.6929523628688925e-05
FY18-19,JHBMC GRANT COMPANY,Unavailable,18,3.2486494183000003,23741,38198,1239.0,1993.5,0.00010454297296983354,6.832502741408044e-05
FY18-19,JHHCG CORP (GROUP),Unavailable,4,3.0620777869,19103,30741,4781.5,7694.5,2.323177177107412e-05,6.440108543428829e-05
FY18-19,JHHCG HOME HEALTH SERVICES,Medical Providers,4,3.0620777869,19103,30741,4781.5,7694.5,2.323177177107412e-05,6.440108543428829e-05
FY18-19,JHHCG PHARMAQUIP,Medical Providers,2,0.20530300740000004,1578,2538,789.0,1269.0,1.161588588553706e-05,4.317897009686747e-06
FY18-19,JHHCG PHARMAQUIP,Unavailable,2,0.20530300740000004,1578,2538,789.0,1269.0,1.161588588553706e-05,4.317897009686747e-06
FY18-19,JHMMC INTRASTAFF DIVISION,Unavailable,4,0.7743748416,5952,9576,1488.0,2394.0,2.323177177107412e-05,1.628651647760172e-05
FY18-19,JHPEIGO,Administrative & Staff,1053,540.84832792,3380330,5439535,2891.0,4652.0,0.006115763918735262,0.0113750276111145
FY18-19,JHPEIGO,Faculty,923,426.1488260443,2649409,4263341,2433.0,3915.0,0.005360731336175354,0.00896268771198819
FY18-19,JHU PRESS BOOK DIVISION,Administrative & Staff,34,3.7989089615,27880,44847,408.0,656.0,0.00019747006005413004,7.9897990061947e-05
FY18-19,JHU PRESS MUSE,Administrative & Staff,23,1.6752987319,12455,20032,473.0,761.0,0.0001335826876836762,3.523459045443582e-05
FY18-19,JOHNS HOPKINS IMAGING LLC,Unavailable,8,2.0099072299,13253,21324,1029.5,1656.5,4.646354354214824e-05,4.2272017968174106e-05
FY18-19,Johns Hopkins HealthCare,Unavailable,206,28.748255956,203630,327627,581.0,934.5,0.0011964362462103173,0.0006046283003749199
FY18-19,Johns Hopkins Hospital,Administrative & Staff,2,0.1734276989,1333,2145,666.5,1072.5,1.161588588553706e-05,3.6475010861295517e-06
FY18-19,Johns Hopkins Hospital,Medical Providers,75,23.3520579485,150255,241768,935.0,1504.0,0.0004355957207076398,0.0004911364059533975
FY18-19,Johns Hopkins Hospital,Non-Employees & Affiliates,2,0.1868283388,1436,2310,718.0,1155.0,1.161588588553706e-05,3.92934100501278e-06
FY18-19,Johns Hopkins Hospital,Unavailable,123,30.0923127321,197071,317075,812.0,1306.0,0.0007143769819605292,0.0006328962678434344
FY18-19,Johns Hopkins International,Trustee,2,0.3305924853,2541,4088,1270.5,2044.0,1.161588588553706e-05,6.952963435750331e-06
FY18-19,Johns Hopkins International,Unavailable,135,55.5598090522,349445,562294,1199.0,1929.0,0.0007840722972737515,0.001168524204313536
FY18-19,Krieger School of Arts and Sciences,Administrative & Staff,235,53.3918237871,345627,556100,732.0,1178.0,0.0013648665915506047,0.0011229275167064152
FY18-19,Krieger School of Arts and Sciences,Deans/Executive,81,20.4610128951,135257,217634,1215.0,1955.0,0.0004704433783642509,0.0004303324511110608
FY18-19,Krieger School of Arts and Sciences,Faculty,626,175.4179626426,1135087,1826411,1031.0,1659.0,0.0036357722821730998,0.0036893599657022067
FY18-19,Krieger School of Arts and Sciences,Non-Employees & Affiliates,17,3.5720115172,23750,38213,736.0,1184.0,9.873503002706502e-05,7.512592262535213e-05
FY18-19,Krieger School of Arts and Sciences,Postdocs,67,19.4269890298,125772,202372,966.0,1554.0,0.0003891321771654915,0.00040858504169671823
FY18-19,Krieger School of Arts and Sciences,Students,84,27.4109734253,172835,278106,1123.0,1807.0,0.0004878672071925565,0.0005765028076530054
FY18-19,Krieger School of Arts and Sciences,Unavailable,3,1.876308771,11670,18779,3671.0,5907.0,1.742382882830559e-05,3.9462198504306535e-05
FY18-19,NANJING CENTER,Administrative & Staff,16,2.6964695623,18134,29176,509.5,819.5,9.292708708429648e-05,5.671167708265387e-05
FY18-19,NANJING CENTER,Faculty,29,12.777015206400002,80901,130183,1362.0,2191.0,0.00016843034534028738,0.0002687239532002913
FY18-19,NITZE SCH ADV INT STUDIES-SAIS,Administrative & Staff,197,59.8895180269,383394,616925,789.0,1269.0,0.0011441647597254005,0.0012595858875856486
FY18-19,NITZE SCH ADV INT STUDIES-SAIS,Deans/Executive,40,16.036482442,99347,159864,636.5,1023.5,0.0002323177177107412,0.0003372764990592428
FY18-19,NITZE SCH ADV INT STUDIES-SAIS,Faculty,569,179.4736366844,1142363,1838173,766.0,1232.0,0.0033047195344352936,0.0037746581941067864
FY18-19,NITZE SCH ADV INT STUDIES-SAIS,Students,72,28.487549524000002,180408,290307,1627.0,2618.0,0.00041817189187933417,0.0005991451682114165
FY18-19,NITZE SCH ADV INT STUDIES-SAIS,Unavailable,6,0.2906507722,2234,3592,359.0,577.0,3.484765765661118e-05,6.112916298884785e-06
FY18-19,PEABODY INSTITUTE,Administrative & Staff,112,13.9664675287,96282,154881,576.0,926.0,0.0006504896095900754,0.00029374030678744345
FY18-19,PEABODY INSTITUTE,Deans/Executive,47,27.0979301942,166438,267835,2416.0,3888.0,0.0002729733183101209,0.0005699189370678277
FY18-19,PEABODY INSTITUTE,Faculty,63,11.4540914605,78610,126474,620.0,997.0,0.0003659004053944174,0.00024090045193352316
FY18-19,School of Education,Administrative & Staff,200,16.7335590862,122830,197557,491.5,790.5,0.001161588588553706,0.00035193729334390383
FY18-19,School of Education,Deans/Executive,20,4.1128777562000005,27934,44946,1512.5,2433.5,0.0001161588588553706,8.650132693917428e-05
FY18-19,School of Education,Faculty,113,23.4498588752,152998,246162,695.0,1118.0,0.0006562975525328439,0.0004931933379695941
FY18-19,School of Education,Postdocs,17,2.5980356952,16876,27150,408.0,656.0,9.873503002706502e-05,5.4641433174463605e-05
FY18-19,School of Education,Students,2,0.7664085576,4662,7502,2331.0,3751.0,1.161588588553706e-05,1.611897098327344e-05
FY18-19,School of Medicine (SOM),Administrative & Staff,863,185.518831115,1231527,1981434,775.0,1247.0,0.005012254759609242,0.0039017996679966754
FY18-19,School of Medicine (SOM),Deans/Executive,15,2.1658296351,16647,26782,935.0,1504.0,8.711914414152795e-05,4.5551350773292314e-05
FY18-19,School of Medicine (SOM),Faculty,2045,638.8998110912,4120337,6629941,1182.0,1902.0,0.011877243317961644,0.01343722928727112
FY18-19,School of Medicine (SOM),Medical Providers,78,14.6411944845,99274,159729,620.0,997.0,0.0004530195495359454,0.00030793104632750076
FY18-19,School of Medicine (SOM),Non-Employees & Affiliates,100,30.9339932241,197476,317752,974.0,1567.0,0.000580794294276853,0.0006505983450099789
FY18-19,School of Medicine (SOM),Postdocs,60,9.2177159967,66965,107737,795.0,1279.0,0.0003484765765661118,0.00019386539360695512
FY18-19,School of Medicine (SOM),Students,59,12.0205613974,77618,124876,609.0,980.0,0.00034266863362334327,0.00025281434875166564
FY18-19,School of Medicine (SOM),Unavailable,8,0.6944914154000001,5338,8584,630.0,1013.0,4.646354354214824e-05,1.460642220387063e-05
FY18-19,School of Nursing (SON),Administrative & Staff,73,15.2546686146,103180,166010,789.0,1269.0,0.0004239798348221027,0.00032083352713099903
FY18-19,School of Nursing (SON),Faculty,242,86.287680563,553708,890971,1215.0,1955.0,0.0014055221921499843,0.0018147874334342696
FY18-19,Sheridan Libraries,Administrative & Staff,17,3.2471244991,22118,35585,1020.0,1641.0,9.873503002706502e-05,6.829295557968754e-05
FY18-19,Sheridan Libraries,Deans/Executive,2,1.0725116752000001,6524,10498,3262.0,5249.0,1.161588588553706e-05,2.25568783129292e-05
FY18-19,Sibley Memorial Hospital,Medical Providers,37,4.5231082292,34485,55477,761.0,1224.0,0.0002148938888824356,9.512922262897253e-05
FY18-19,Sibley Memorial Hospital,Unavailable,21,2.3493956667,17921,28828,599.0,963.0,0.00012196680179813913,4.941207950281068e-05
FY18-19,Suburban Hospital,Unavailable,6,0.8382555619000001,6443,10367,834.0,1342.0,3.484765765661118e-05,1.763004463460818e-05
FY18-19,U-WIDE STUDENT AFFAIRS,Administrative & Staff,27,4.1861772675,29655,47711,928.0,1493.0,0.0001568144594547503,8.804294946415326e-05
FY18-19,U-WIDE STUDENT AFFAIRS,Deans/Executive,16,2.3828419395,18315,29466,848.5,1365.0,9.292708708429648e-05,5.011551567326537e-05
FY18-19,Unavailable,Unavailable,12046,3481.712620242,22431527,36093496,949.0,1527.0,0.06996248068858972,0.07322677198897934
FY18-19,University Administration,Administrative & Staff,1412,274.3681119291,1855828,2985910,789.0,1269.0,0.008200815435189164,0.005770462230706024
FY18-19,University Administration,Deans/Executive,263,71.16610258360001,456389,734346,944.0,1519.0,0.0015274889939481235,0.001496753045307736
FY18-19,Whiting School of Engineering,Administrative & Staff,195,38.7643977392,261095,420088,928.0,1493.0,0.0011325488738398635,0.0008152860457337818
FY18-19,Whiting School of Engineering,Deans/Executive,64,12.3932971005,83991,135136,1207.0,1942.0,0.0003717083483371859,0.0002606536609867916
FY18-19,Whiting School of Engineering,Faculty,444,150.1879486341,957831,1541241,1549.0,2492.0,0.0025787266665892273,0.0031587267157498393
FY18-19,Whiting School of Engineering,Postdocs,39,15.2991977674,93991,151245,2331.0,3751.0,0.0002265097747679727,0.0003217700564987564
FY18-19,Whiting School of Engineering,Students,60,21.538260278000003,134182,215913,2294.0,3691.0,0.0003484765765661118,0.0004529889300015731
FY19-20,555 PENN,Administrative & Staff,2,0.5365460092000001,4124,6636,2062.0,3318.0,1.161588588553706e-05,1.128454199489743e-05
FY19-20,All Children’s Hospital,Unavailable,32,3.0899533750000003,23750,38213,844.0,1358.0,0.00018585417416859296,6.498735993666681e-05
FY19-20,BIOETHICS INSTITUTE,Faculty,16,3.3262344038,22816,36710,593.5,954.5,9.292708708429648e-05,6.99567812842726e-05
FY19-20,BOLOGNA CENTER,Administrative & Staff,4,1.646037281,10180,16381,2237.5,3600.5,2.323177177107412e-05,3.461916872759265e-05
FY19-20,BOLOGNA CENTER,Deans/Executive,8,2.9207777573,17946,28878,2237.5,3600.5,4.646354354214824e-05,6.142928788000419e-05
FY19-20,BOLOGNA CENTER,Faculty,22,7.3564902909,47193,75940,1350.0,2172.5,0.00012777474474090766,0.00015472041949672234
FY19-20,Bloomberg School of Public Health,Administrative & Staff,273,85.4087562592,533813,858954,999.0,1607.0,0.0015855684233758087,0.0017963020509199996
FY19-20,Bloomberg School of Public Health,Deans/Executive,10,5.5777810606,35192,56630,1356.0,2182.0,5.80794294276853e-05,0.00011731091749341859
FY19-20,Bloomberg School of Public Health,Faculty,238,72.922902248,462483,744169,942.0,1515.5,0.0013822904203789103,0.001533701749146019
FY19-20,Bloomberg School of Public Health,Postdocs,6,0.6893203635999999,5148,8282,588.0,946.0,3.484765765661118e-05,1.4497665545179053e-05
FY19-20,Bloomberg School of Public Health,Students,19,7.2311906461,47387,76251,1488.0,2394.0,0.00011035091591260208,0.0001520851392421929
FY19-20,CENTER FOR TALENTED YOUTH,Administrative & Staff,241,75.2229640298,483515,778018,1377.0,2216.0,0.0013997142492072159,0.0015820762469943587
FY19-20,CENTER FOR TALENTED YOUTH,Deans/Executive,66,32.0897301212,201094,323593,2326.0,3743.0,0.000383324234222723,0.0006749056016603885
FY19-20,CENTER FOR TALENTED YOUTH,Faculty,2,0.1584658194,1218,1960,609.0,980.0,1.161588588553706e-05,3.332825448541481e-06
FY19-20,CENTER FOR TALENTED YOUTH,Non-Employees & Affiliates,81,20.0382561868,132581,213311,1239.0,1993.0,0.0004704433783642509,0.0004214411058272723
FY19-20,CGEPI,Administrative & Staff,40,4.1082993644000005,29994,48252,592.5,953.0,0.0002323177177107412,8.640503500213568e-05
FY19-20,CGEPI,Deans/Executive,5,1.995718124,12310,19808,3628.0,5838.0,2.903971471384265e-05,4.197359517002985e-05
FY19-20,Carey Business School,Administrative & Staff,52,12.5136283865,81922,131821,990.0,1593.0,0.00030201303302396357,0.00026318444758641923
FY19-20,Carey Business School,Deans/Executive,4,0.4793005572,3684,5928,921.0,1482.0,2.323177177107412e-05,1.0080565642386547e-05
FY19-20,Carey Business School,Faculty,30,3.6861948471000003,27813,44743,620.0,997.0,0.0001742382882830559,7.752740648559921e-05
FY19-20,EMRS PROJECT,Unavailable,245,15.0539994414,112975,181636,408.0,656.0,0.0014229460209782899,0.0003166130881132285
FY19-20,HUMAN LANGUAGE TECHNOLOGY COE,Faculty,2,0.7647646096,4652,7486,2326.0,3743.0,1.161588588553706e-05,1.608439575593909e-05
FY19-20,Homewood Student Affairs,Administrative & Staff,706,107.1344542437,733044,1179334,620.0,997.0,0.004100407717594582,0.002253233138041668
FY19-20,Homewood Student Affairs,Deans/Executive,95,11.702117192300001,83286,133990,609.0,980.0,0.0005517545795630103,0.00024611688582422604
FY19-20,Homewood Student Affairs,Faculty,227,22.9314737344,165165,265693,586.0,943.0,0.0013184030480084563,0.00048229075218834776
FY19-20,Homewood Student Affairs,Students,8,2.67087012,16905,27201,1545.5,2486.5,4.646354354214824e-05,5.617327408136974e-05
FY19-20,Howard County General Hospital,Unavailable,24,4.0618260884,29128,46863,982.5,1580.5,0.00013939063062644473,8.542761717464239e-05
FY19-20,INSTITUTION WIDE FUNDS,Administrative & Staff,6,0.6723738544,5168,8313,492.0,791.0,3.484765765661118e-05,1.4141249522218696e-05
FY19-20,INSTITUTION WIDE FUNDS,Deans/Executive,2,0.1498790016,1152,1852,576.0,926.0,1.161588588553706e-05,3.1522289956648488e-06
FY19-20,INSTITUTION WIDE FUNDS,Students,6,1.2570070964,8368,13464,903.5,1453.5,3.484765765661118e-05,2.643715380226125e-05
FY19-20,JH Bayview Medical Center,Medical Providers,6,0.7340428186000001,5642,9076,408.0,656.0,3.484765765661118e-05,1.5438260411059965e-05
FY19-20,JH Bayview Medical Center,Unavailable,40,7.8538907763,55979,90071,1341.0,2158.0,0.0002323177177107412,0.00016518165966911252
FY19-20,JH Community Physicians,Medical Providers,24,4.3801259212,30044,48338,789.0,1269.0,0.00013939063062644473,9.212204368907304e-05
FY19-20,JH Community Physicians,Unavailable,6,0.571153487,4390,7061,789.0,1269.0,3.484765765661118e-05,1.2012400426188096e-05
FY19-20,JH HEALTH SYSTEM CORPORATION,Administrative & Staff,17,4.2761414291,28450,45777,1178.0,1895.0,9.873503002706502e-05,8.993506000491495e-05
FY19-20,JH HEALTH SYSTEM CORPORATION,Unavailable,532,71.5697611961,523863,842815,844.0,1358.0,0.003089825645552858,0.0015052427227748185
FY19-20,JH TECHNOLOGY VENTURES,Administrative & Staff,8,1.0177875774,7480,12036,1105.5,1779.0,4.646354354214824e-05,2.140593064177285e-05
FY19-20,JH TECHNOLOGY VENTURES,Deans/Executive,2,0.11825336119999999,566,910,283.0,455.0,1.161588588553706e-05,2.4870840479996138e-06
FY19-20,JHBMC GRANT COMPANY,Unavailable,8,1.0254742106,7882,12680,999.0,1607.0,4.646354354214824e-05,2.156759456929717e-05
FY19-20,JHHCG PHARMAQUIP,Unavailable,10,2.0306523064000004,15608,25112,2103.0,3384.0,5.80794294276853e-05,4.27083247954314e-05
FY19-20,JHMMC INTRASTAFF DIVISION,Unavailable,4,1.0944289596,8412,13536,2103.0,3384.0,2.323177177107412e-05,2.3017838812094365e-05
FY19-20,JHPEIGO,Administrative & Staff,643,332.7931400945,2054678,3306347,3260.0,5246.0,0.0037345073122001648,0.006999247223196322
FY19-20,JHPEIGO,Faculty,460,225.4554025075,1404926,2260765,2449.0,3941.0,0.0026716537536735237,0.004741738665367724
FY19-20,JHU PRESS BOOK DIVISION,Administrative & Staff,18,2.6683398446,19822,31894,865.0,1392.0,0.00010454297296983354,5.612005777089429e-05
FY19-20,JHU PRESS MUSE,Administrative & Staff,18,4.6258344179,30346,48827,736.5,1184.5,0.00010454297296983354,9.728974189569734e-05
FY19-20,JHU Press,Deans/Executive,2,0.5963935272,4584,7376,2292.0,3688.0,1.161588588553706e-05,1.2543244545249712e-05
FY19-20,JOHNS HOPKINS AT ALL CHILDRENS,Faculty,3,0.2754931579,1777,2859,281.0,452.0,1.742382882830559e-05,5.79412400115464e-06
FY19-20,JOHNS HOPKINS IMAGING LLC,Unavailable,14,0.761477261,5722,9200,408.0,656.0,8.131120119875943e-05,1.6015256814091628e-05
FY19-20,Johns Hopkins HealthCare,Unavailable,204,17.3018199383,130459,209864,494.0,795.0,0.0011848203603247803,0.00036388885637787344
FY19-20,Johns Hopkins Hospital,Administrative & Staff,13,2.4825010673000003,19081,30701,1488.0,2394.0,7.550325825599089e-05,5.2211529050591136e-05
FY19-20,Johns Hopkins Hospital,Medical Providers,50,18.410127032200002,113745,183030,2416.0,3888.0,0.0002903971471384265,0.00038719857768771055
FY19-20,Johns Hopkins Hospital,Unavailable,263,46.1651375,320422,515517,789.0,1269.0,0.0015274889939481235,0.0009709371123563359
FY19-20,Johns Hopkins International,Unavailable,39,24.7737296419,154043,247892,1844.0,2967.0,0.0002265097747679727,0.0005210367568124962
FY19-20,Krieger School of Arts and Sciences,Administrative & Staff,339,84.6437063165,550753,886167,928.0,1493.0,0.001968892657598532,0.001780211654088115
FY19-20,Krieger School of Arts and Sciences,Deans/Executive,53,16.0165687064,101842,163869,1570.0,2526.0,0.0003078209759667321,0.0003368576768486582
FY19-20,Krieger School of Arts and Sciences,Faculty,394,111.9116472453,715567,1151378,969.0,1559.0,0.002288329519450801,0.002353706227245451
FY19-20,Krieger School of Arts and Sciences,Postdocs,56,22.3699093069,140557,226174,2207.5,3552.0,0.0003252448047950377,0.0004704800271874985
FY19-20,Krieger School of Arts and Sciences,Students,86,24.1875921179,156868,252412,1393.0,2241.0,0.0004994830930780936,0.0005087092147360484
FY19-20,Krieger School of Arts and Sciences,Unavailable,1,0.160027059,1230,1979,1230.0,1979.0,5.80794294276853e-06,3.3656611672463228e-06
FY19-20,NANJING CENTER,Administrative & Staff,32,13.0593216182,82976,133521,1322.5,2128.0,0.00018585417416859296,0.0002746613723680078
FY19-20,NANJING CENTER,Faculty,24,7.0900388509,45803,73701,1362.0,2191.0,0.00013939063062644473,0.00014911645932793075
FY19-20,NITZE SCH ADV INT STUDIES-SAIS,Administrative & Staff,140,44.618436447600004,286122,460402,781.0,1256.0,0.0008131120119875942,0.0009384071658464667
FY19-20,NITZE SCH ADV INT STUDIES-SAIS,Deans/Executive,39,9.092423095700001,53800,86558,298.0,479.0,0.0002265097747679727,0.00019123025518684995
FY19-20,NITZE SCH ADV INT STUDIES-SAIS,Faculty,404,130.3279532913,825064,1327632,1043.5,1678.5,0.002346408948878486,0.002741034760872666
FY19-20,NITZE SCH ADV INT STUDIES-SAIS,Postdocs,5,4.7805306562,29030,46717,6950.0,11184.0,2.903971471384265e-05,0.00010054328617263985
FY19-20,NITZE SCH ADV INT STUDIES-SAIS,Students,44,22.8986924612,144728,232892,2113.5,3401.0,0.0002555494894818153,0.0004816013021733841
FY19-20,PEABODY INSTITUTE,Administrative & Staff,98,11.8482348018,84612,136113,615.5,990.0,0.0005691784083913159,0.0002491900058779103
FY19-20,PEABODY INSTITUTE,Deans/Executive,43,12.9662580729,84333,135701,683.0,1099.0,0.0002497415465390468,0.0002727040761303604
FY19-20,PEABODY INSTITUTE,Faculty,62,8.1747400726,56708,91223,576.0,926.0,0.00036009246245164887,0.00017192970605478796
FY19-20,PEDIATRIC PHYSICIANS SERVICES,Medical Providers,28,3.6499179782,28054,45142,1113.0,1791.0,0.00016262240239751886,7.676443771213687e-05
FY19-20,PEDIATRIC PHYSICIANS SERVICES,Unavailable,4,0.5266581584000001,4048,6512,1012.0,1628.0,2.323177177107412e-05,1.1076582443100095e-05
FY19-20,SMH FOUNDATION,Unavailable,2,0.33722775359999996,2592,4170,1296.0,2085.0,1.161588588553706e-05,7.092515240245909e-06
FY19-20,School of Education,Administrative & Staff,127,11.849206781200001,83952,135033,561.0,902.0,0.0007376087537316033,0.00024921044837896225
FY19-20,School of Education,Deans/Executive,6,1.1022525698,7246,11658,928.0,1493.0,3.484765765661118e-05,2.3182383615969143e-05
FY19-20,School of Education,Faculty,69,9.1103811135,62643,100772,576.0,926.0,0.00040074806305102857,0.0001916079450820956
FY19-20,School of Education,Postdocs,5,0.28297467750000005,2175,3498,487.0,783.0,2.903971471384265e-05,5.951474015252645e-06
FY19-20,School of Medicine (SOM),Administrative & Staff,669,154.517762027,1007862,1621621,804.0,1293.0,0.003885513828712147,0.0032497905951273053
FY19-20,School of Medicine (SOM),Deans/Executive,14,2.0061471718000004,15084,24270,949.0,1527.0,8.131120119875943e-05,4.2192937082648625e-05
FY19-20,School of Medicine (SOM),Faculty,1477,457.2017070311,2940825,4732003,999.0,1607.0,0.008578331726469119,0.009615786483667762
FY19-20,School of Medicine (SOM),Medical Providers,30,5.1160336373,36796,59204,1053.5,1695.0,0.0001742382882830559,0.00010759952629877782
FY19-20,School of Medicine (SOM),Non-Employees & Affiliates,29,7.8686408695,52311,84172,1488.0,2394.0,0.00016843034534028738,0.0001654918810542128
FY19-20,School of Medicine (SOM),Postdocs,57,15.5259394873,104066,167448,1488.0,2394.0,0.0003310527477378062,0.00032653884876695697
FY19-20,School of Medicine (SOM),Students,34,9.664786261,61423,98829,1675.0,2695.0,0.00019747006005413004,0.00020326809735585707
FY19-20,School of Medicine (SOM),Unavailable,14,2.2041827354,15868,25531,844.0,1358.0,8.131120119875943e-05,4.635798648308944e-05
FY19-20,School of Nursing (SON),Administrative & Staff,81,10.4268185974,77969,125436,935.0,1504.0,0.0004704433783642509,0.00021929502841885605
FY19-20,School of Nursing (SON),Deans/Executive,10,1.4291847505000002,10985,17673,922.0,1483.0,5.80794294276853e-05,3.0058364164390946e-05
FY19-20,School of Nursing (SON),Faculty,206,68.7110708728,440471,708763,1233.0,1984.0,0.0011964362462103173,0.0014451192469674323
FY19-20,Sheridan Libraries,Administrative & Staff,25,3.9824215076,27006,43449,567.0,912.0,0.00014519857356921326,8.37575938937669e-05
FY19-20,Sheridan Libraries,Deans/Executive,8,0.4388135088,2876,4624,321.0,516.0,4.646354354214824e-05,9.22904910869644e-06
FY19-20,Sibley Memorial Hospital,Medical Providers,28,3.5205952980000004,27060,43530,894.0,1438.0,0.00016262240239751886,7.404454567941912e-05
FY19-20,Sibley Memorial Hospital,Unavailable,35,7.7681593571,52597,84630,844.0,1358.0,0.00020327800299689856,0.00016337857142755235
FY19-20,Suburban Hospital,Unavailable,18,3.3171137368,25496,41024,1215.0,1955.0,0.00010454297296983354,6.976495700822135e-05
FY19-20,U-WIDE STUDENT AFFAIRS,Administrative & Staff,63,16.2179141446,109303,175875,1215.0,1955.0,0.0003659004053944174,0.0003410923389538459
FY19-20,U-WIDE STUDENT AFFAIRS,Deans/Executive,14,1.3625706402,10164,16348,576.0,926.0,8.131120119875943e-05,2.865734782610172e-05
FY19-20,Unavailable,Unavailable,9462,2941.8053067413002,18764075,30192830,1016.0,1635.0,0.05495475612447583,0.06187153562884857
FY19-20,University Administration,Administrative & Staff,977,183.35822100410002,1230874,1980378,669.0,1076.0,0.005674360255084854,0.003856358093345129
FY19-20,University Administration,Deans/Executive,167,34.0568874776,221295,356058,620.0,997.0,0.0009699264714423446,0.000716278511752415
FY19-20,WEST COAST NEONATOLOGY,Medical Providers,12,1.5319201754,11708,18836,999.0,1607.0,6.969531531322237e-05,3.221907768526169e-05
FY19-20,Whiting School of Engineering,Administrative & Staff,167,26.9547626147,187696,301974,772.0,1242.0,0.0009699264714423446,0.0005669078615300851
FY19-20,Whiting School of Engineering,Deans/Executive,88,15.639748474500001,107428,172844,950.5,1529.0,0.0005110989789636306,0.00032893245951689067
FY19-20,Whiting School of Engineering,Faculty,273,77.3354315582,502229,808111,1011.0,1627.0,0.0015855684233758087,0.0016265052952555326
FY19-20,Whiting School of Engineering,Postdocs,40,11.1317726538,71034,114303,1441.0,2318.5,0.0002323177177107412,0.00023412149906166312
FY19-20,Whiting School of Engineering,Students,52,19.3410504712,124614,200517,1353.0,2177.0,0.00030201303302396357,0.00040677759693545976
FY20-21,All Children’s Hospital,Unavailable,10,1.2609611836,9692,15590,1014.0,1631.0,5.80794294276853e-05,2.65203154739442e-05
FY20-21,Bloomberg School of Public Health,Administrative & Staff,44,18.9176284388,121505,195528,1514.0,2436.0,0.0002555494894818153,0.00039787225867135285
FY20-21,Bloomberg School of Public Health,Faculty,25,3.7376907708,28084,45177,576.0,926.0,0.00014519857356921326,7.861045976266137e-05
FY20-21,Bloomberg School of Public Health,Postdocs,11,1.4208208681,10785,17351,1215.0,1955.0,6.388737237045383e-05,2.9882456449926887e-05
FY20-21,CENTER FOR TALENTED YOUTH,Administrative & Staff,4,0.45640237640000003,3508,5644,877.0,1411.0,2.323177177107412e-05,9.598975101382197e-06
FY20-21,CONSOLIDATED SERVICE CENTER,Unavailable,4,0.4392287408,3376,5432,844.0,1358.0,2.323177177107412e-05,9.237782195628933e-06
FY20-21,EMRS PROJECT,Unavailable,22,2.4084722896,18512,29786,844.0,1358.0,0.00012777474474090766,5.06545687220032e-05
FY20-21,HUMAN LANGUAGE TECHNOLOGY COE,Faculty,4,0.9483857168,6076,9776,1519.0,2444.0,2.323177177107412e-05,1.994628282586152e-05
FY20-21,Homewood Student Affairs,Administrative & Staff,76,4.8258042369,29829,47971,255.0,410.0,0.0004414036636504083,0.00010149547221802723
FY20-21,Homewood Student Affairs,Deans/Executive,15,2.5256779701000003,17287,27811,576.0,926.0,8.711914414152795e-05,5.311961813242528e-05
FY20-21,Homewood Student Affairs,Faculty,31,4.5393248463,33441,53802,935.0,1504.0,0.00018004623122582443,9.547028768871079e-05
FY20-21,JH Bayview Medical Center,Unavailable,12,1.0808982164,8308,13362,576.0,926.0,6.969531531322237e-05,2.273326258331907e-05
FY20-21,JH Community Physicians,Medical Providers,10,1.7754828369000002,11613,18684,529.5,851.5,5.80794294276853e-05,3.734164506058108e-05
FY20-21,JH HEALTH SYSTEM CORPORATION,Unavailable,49,5.4390974001000005,41125,66165,844.0,1358.0,0.00028458920419565796,0.00011439414695727807
FY20-21,JH TECHNOLOGY VENTURES,Deans/Executive,4,1.361202339,8550,13758,2137.5,3439.5,2.323177177107412e-05,2.862856995414235e-05
FY20-21,JHPEIGO,Administrative & Staff,54,25.5960541189,160273,257913,1824.0,2935.0,0.0003136289189095006,0.0005383317416507482
FY20-21,JHPEIGO,Faculty,84,43.1194911908,265187,426740,3242.0,5217.0,0.0004878672071925565,0.0009068816108924146
FY20-21,Johns Hopkins HealthCare,Unavailable,34,3.150288348,23620,37995,620.0,997.0,0.00019747006005413004,6.625631455547884e-05
FY20-21,Johns Hopkins Hospital,Medical Providers,2,0.3871874208,2976,4788,1488.0,2394.0,1.161588588553706e-05,8.14325823880086e-06
FY20-21,Johns Hopkins Hospital,Unavailable,27,6.4330433469,42892,69017,844.0,1358.0,0.0001568144594547503,0.0001352986445865611
FY20-21,Johns Hopkins International,Unavailable,33,21.0638149458,130386,209826,999.0,1607.0,0.0001916621171113615,0.00044301047860375773
FY20-21,Krieger School of Arts and Sciences,Administrative & Staff,30,2.0368972648,15656,25169,492.0,791.0,0.0001742382882830559,4.283966767025075e-05
FY20-21,Krieger School of Arts and Sciences,Faculty,26,5.0126460013,34147,54939,664.0,1068.0,0.00015100651651198178,0.00010542509558791536
FY20-21,Krieger School of Arts and Sciences,Students,3,2.1465029036,13057,21011,4693.0,7552.0,1.742382882830559e-05,4.514487433045931e-05
FY20-21,NITZE SCH ADV INT STUDIES-SAIS,Administrative & Staff,1,0.3794231984,2308,3714,2308.0,3714.0,5.80794294276853e-06,7.979962468767717e-06
FY20-21,NITZE SCH ADV INT STUDIES-SAIS,Faculty,7,3.7962508529000005,23323,37531,1272.0,2047.0,4.0655600599379715e-05,7.984208518592637e-05
FY20-21,PEDIATRIC PHYSICIANS SERVICES,Medical Providers,9,0.947508094,6752,10861,928.0,1493.0,5.227148648491677e-05,1.9927824816347957e-05
FY20-21,PEDIATRIC PHYSICIANS SERVICES,Unavailable,8,0.409872106,2576,4144,322.0,518.0,4.646354354214824e-05,8.620358577618231e-06
FY20-21,School of Education,Faculty,17,1.5413337951000001,11847,19056,620.0,997.0,9.873503002706502e-05,3.241706329135544e-05
FY20-21,School of Medicine (SOM),Administrative & Staff,28,9.5138824237,61372,98756,1361.0,2190.0,0.00016262240239751886,0.0002000943141946664
FY20-21,School of Medicine (SOM),Faculty,147,28.0824292184,192224,309281,844.0,1358.0,0.0008537676125869739,0.0005906247486702383
FY20-21,School of Medicine (SOM),Medical Providers,10,1.3377221306,10282,16541,1159.0,1864.5,5.80794294276853e-05,2.8134738310265605e-05
FY20-21,School of Medicine (SOM),Non-Employees & Affiliates,4,0.3804220492,2924,4702,731.0,1175.5,2.323177177107412e-05,8.00097012441321e-06
FY20-21,School of Medicine (SOM),Postdocs,2,0.5076375825,3255,5238,1627.5,2619.0,1.161588588553706e-05,1.0676545011397426e-05
FY20-21,School of Medicine (SOM),Students,1,0.4478114352,2724,4383,2724.0,4383.0,5.80794294276853e-06,9.41829192587663e-06
FY20-21,School of Nursing (SON),Faculty,30,5.7126612264,38052,61216,804.5,1294.0,0.0001742382882830559,0.00012014769359304563
FY20-21,Sheridan Libraries,Deans/Executive,2,0.7943556736,4832,7776,2416.0,3888.0,1.161588588553706e-05,1.670674984795737e-05
FY20-21,Sibley Memorial Hospital,Medical Providers,4,0.307043788,2360,3796,429.0,690.0,2.323177177107412e-05,6.457691345285627e-06
FY20-21,Sibley Memorial Hospital,Unavailable,8,1.0929478312,6806,10948,376.0,604.5,4.646354354214824e-05,2.2986687978162053e-05
FY20-21,Suburban Hospital,Unavailable,4,1.7762834172000002,10682,17190,2670.5,4297.5,2.323177177107412e-05,3.735848272568479e-05
FY20-21,U-WIDE STUDENT AFFAIRS,Administrative & Staff,4,0.2890158345,1970,3168,420.0,675.5,2.323177177107412e-05,6.078530574607011e-06
FY20-21,Unavailable,Unavailable,679,250.76856347650002,1594778,2566193,1744.0,2806.0,0.003943593258139832,0.00527412064767747
FY20-21,University Administration,Administrative & Staff,66,12.1953588934,81246,130717,949.0,1527.0,0.000383324234222723,0.00025649065917126223
FY20-21,University Administration,Deans/Executive,6,0.4100856016,3152,5068,620.0,997.0,3.484765765661118e-05,8.624848779805212e-06
FY20-21,WEST COAST NEONATOLOGY,Medical Providers,13,1.5384965666,11578,18626,999.0,1607.0,7.550325825599089e-05,3.235739119686887e-05
FY20-21,Whiting School of Engineering,Administrative & Staff,4,0.3482853134,2368,3810,592.0,952.5,2.323177177107412e-05,7.325075907522587e-06
FY20-21,Whiting School of Engineering,Faculty,42,8.0800232557,60164,96804,1488.0,2394.0,0.00024393360359627826,0.0001699376384974787
FY20-21,Whiting School of Engineering,Students,9,2.1599290730000003,14545,23405,1120.0,1802.0,5.227148648491677e-05,4.5427251181329585e-05
FY21-22,ACH FOUNDATION,Unavailable,6,0.5910592919000001,4543,7309,844.0,1358.0,3.484765765661118e-05,1.2431055839674835e-05
FY21-22,ACH RESEARCH INSTITUTE,Unavailable,8,1.0889646210000001,8370,13466,1048.5,1687.0,4.646354354214824e-05,2.290291379662742e-05
FY21-22,AICGS,Administrative & Staff,3,0.1780068264,852,1371,284.0,457.0,1.742382882830559e-05,3.7438084962821047e-06
FY21-22,All Children’s Hospital,Unavailable,63,11.1892235061,75861,122055,844.0,1358.0,0.0003659004053944174,0.00023532979535742464
FY21-22,BIOETHICS INSTITUTE,Faculty,51,18.937592914,120709,194234,1509.0,2428.0,0.00029620509008119507,0.0003982921480283465
FY21-22,BIOETHICS INSTITUTE,Postdocs,5,0.6304805917999999,4846,7795,738.0,1187.0,2.903971471384265e-05,1.3260157736972098e-05
FY21-22,BOLOGNA CENTER,Administrative & Staff,6,1.6198247327000002,9960,16025,556.5,895.0,3.484765765661118e-05,3.4067870987953017e-05
FY21-22,BOLOGNA CENTER,Deans/Executive,6,1.9074462400999999,12152,19553,1660.5,2671.5,3.484765765661118e-05,4.011707631841547e-05
FY21-22,BOLOGNA CENTER,Faculty,52,12.218298722,78242,125896,724.0,1165.0,0.00030201303302396357,0.00025697312564152525
FY21-22,Bloomberg School of Public Health,Administrative & Staff,143,37.8258988781,248334,399579,866.0,1393.0,0.0008305358408158998,0.0007955477015309481
FY21-22,Bloomberg School of Public Health,Deans/Executive,10,3.9214887893999997,24291,39086,3539.0,5695.0,5.80794294276853e-05,8.247606760226327e-05
FY21-22,Bloomberg School of Public Health,Faculty,647,164.70540764950002,1076262,1731743,949.0,1527.0,0.003757739083971239,0.0034640553792930585
FY21-22,Bloomberg School of Public Health,Postdocs,39,18.0334432434,111231,178991,2375.0,3822.0,0.0002265097747679727,0.00037927623000340185
FY21-22,Bloomberg School of Public Health,Students,72,23.4256886013,151044,243045,1304.0,2098.5,0.00041817189187933417,0.0004926849929885935
FY21-22,CENTER FOR TALENTED YOUTH,Administrative & Staff,51,7.2426835857,53433,85968,1207.0,1942.0,0.00029620509008119507,0.00015232685674141424
FY21-22,CENTER FOR TALENTED YOUTH,Deans/Executive,9,2.609068552,16610,26727,1140.0,1834.0,5.227148648491677e-05,5.487347429255695e-05
FY21-22,CENTER FOR TALENTED YOUTH,Non-Employees & Affiliates,17,1.5219454941000001,11349,18253,676.0,1087.0,9.873503002706502e-05,3.200929192954729e-05
FY21-22,CGEPI,Administrative & Staff,48,5.917721351,42888,69000,853.0,1372.0,0.00027878126125288947,0.00012446048233408544
FY21-22,CONSOLIDATED SERVICE CENTER,Unavailable,20,1.4585707424,11080,17820,514.0,826.5,0.0001161588588553706,3.067640521580366e-05
FY21-22,Carey Business School,Administrative & Staff,55,8.0945824297,57741,92896,620.0,997.0,0.00031943686185226917,0.0001702438445032954
FY21-22,Carey Business School,Deans/Executive,18,5.8965808455,38655,62200,1227.5,1975.0,0.00010454297296983354,0.00012401585891313443
FY21-22,Carey Business School,Faculty,158,30.6802580881,208331,335191,763.0,1227.0,0.0009176549849574277,0.0006452618319268936
FY21-22,EMRS PROJECT,Unavailable,210,17.114727877300002,129995,209078,640.0,1029.0,0.0012196680179813913,0.00035995396881359113
FY21-22,HUMAN LANGUAGE TECHNOLOGY COE,Faculty,35,13.2346530961,83419,134234,1439.0,2315.0,0.00020327800299689856,0.0002783489134017022
FY21-22,Homewood Student Affairs,Administrative & Staff,451,56.2921709482,412552,663708,761.0,1224.0,0.002619382267188607,0.0011839271118539295
FY21-22,Homewood Student Affairs,Deans/Executive,78,12.9984729296,93682,150732,1293.5,2081.5,0.0004530195495359454,0.00027338161337238143
FY21-22,Homewood Student Affairs,Faculty,343,41.5051873313,297478,478578,609.0,980.0,0.001992124429369606,0.0008729298539457658
FY21-22,Homewood Student Affairs,Students,35,15.104958871600001,93760,150873,2701.0,4346.0,0.00020327800299689856,0.00031768485795266013
FY21-22,Howard County General Hospital,Unavailable,19,2.304178904,16180,26027,609.0,980.0,0.00011035091591260208,4.8461088443679974e-05
FY21-22,INSTITUTION WIDE FUNDS,Administrative & Staff,4,0.5481252029,4213,6778,1105.5,1778.5,2.323177177107412e-05,1.1528073575291674e-05
FY21-22,INSTITUTION WIDE FUNDS,Students,7,0.39111359040000004,1872,3007,277.0,445.0,4.0655600599379715e-05,8.225832752394484e-06
FY21-22,JH Bayview Medical Center,Unavailable,28,3.5477357185000002,26071,41942,789.0,1269.0,0.00016262240239751886,7.461535826518053e-05
FY21-22,JH Community Physicians,Medical Providers,69,14.624799451400001,97751,157279,852.0,1371.0,0.00040074806305102857,0.0003075862288535985
FY21-22,JH Community Physicians,Unavailable,28,2.896417321,22134,35605,526.0,846.0,0.00016262240239751886,6.091694343660548e-05
FY21-22,JH HEALTH SYSTEM CORPORATION,Unavailable,345,41.2495855302,305370,491263,789.0,1269.0,0.002003740315255143,0.0008675540814881811
FY21-22,JH TECHNOLOGY VENTURES,Administrative & Staff,17,2.1152194514,16258,26157,1056.0,1699.0,9.873503002706502e-05,4.4486926225277005e-05
FY21-22,JHHCG PHARMAQUIP,Unavailable,20,2.0518325336,15234,24508,844.0,1358.0,0.0001161588588553706,4.3153783636242144e-05
FY21-22,JHMI UTILITIES LLC,Unavailable,2,0.2196143704,1688,2716,844.0,1358.0,1.161588588553706e-05,4.618891097814466e-06
FY21-22,JHMMC INTRASTAFF DIVISION,Unavailable,4,0.131959515,904,1452,226.0,363.0,2.323177177107412e-05,2.775349481890801e-06
FY21-22,JHPEIGO,Administrative & Staff,714,379.409219453,2354273,3788475,3284.0,5285.0,0.00414687126113673,0.007979668465994868
FY21-22,JHPEIGO,Faculty,650,330.39733760350003,2038501,3280348,3284.0,5285.0,0.0037751629127995446,0.006948859123466572
FY21-22,JHU PRESS BOOK DIVISION,Administrative & Staff,9,1.0468226261,7851,12631,812.0,1306.0,5.227148648491677e-05,2.2016590717071088e-05
FY21-22,JOHNS HOPKINS AT ALL CHILDRENS,Administrative & Staff,4,0.6295321906,4600,7402,1150.0,1850.5,2.323177177107412e-05,1.3240211128506278e-05
FY21-22,JOHNS HOPKINS AT ALL CHILDRENS,Faculty,64,13.1519450133,86838,139723,844.0,1358.0,0.0003717083483371859,0.00027660941144349053
FY21-22,JOHNS HOPKINS AT ALL CHILDRENS,Postdocs,4,0.4959537796,3812,6132,958.0,1541.0,2.323177177107412e-05,1.043081330857153e-05
FY21-22,JOHNS HOPKINS IMAGING LLC,Unavailable,10,0.6905883164000001,5308,8536,561.0,902.0,5.80794294276853e-05,1.4524332907108524e-05
FY21-22,Johns Hopkins HealthCare,Unavailable,89,8.434334683500001,63029,101403,576.0,926.0,0.0005169069219063992,0.00017738945459101863
FY21-22,Johns Hopkins Hospital,Medical Providers,29,6.182607882,43680,70280,949.0,1527.0,0.00016843034534028738,0.000130031529609992
FY21-22,Johns Hopkins Hospital,Unavailable,227,26.4381356282,187943,302339,620.0,997.0,0.0013184030480084563,0.0005560422529431365
FY21-22,Johns Hopkins International,Unavailable,6,7.696635746400001,46818,75342,7803.0,12557.0,3.484765765661118e-05,0.00016187429933395452
FY21-22,Krieger School of Arts and Sciences,Administrative & Staff,202,32.3200993798,227576,366134,915.0,1472.0,0.001173204474439243,0.000679750687689229
FY21-22,Krieger School of Arts and Sciences,Deans/Executive,27,7.5073542011,48126,77437,1889.0,3040.0,0.0001568144594547503,0.0001578933629181163
FY21-22,Krieger School of Arts and Sciences,Faculty,674,175.9321581487,1139701,1833818,962.0,1548.0,0.003914553543425989,0.0037001744358178723
FY21-22,Krieger School of Arts and Sciences,Postdocs,90,21.9213457353,144129,231903,914.5,1471.0,0.0005227148648491677,0.00046104591646016567
FY21-22,Krieger School of Arts and Sciences,Students,232,56.015982398300004,367557,591401,968.0,1557.0,0.001347442762722299,0.0011781183624896328
FY21-22,Krieger School of Arts and Sciences,Unavailable,11,3.6575565810999997,22573,36322,910.0,1464.0,6.388737237045383e-05,7.692509147477674e-05
FY21-22,NANJING CENTER,Administrative & Staff,3,1.4858070089000002,9508,15300,1534.0,2468.0,1.742382882830559e-05,3.124923361790422e-05
FY21-22,NANJING CENTER,Faculty,11,3.456379263,21737,34973,2624.0,4222.0,6.388737237045383e-05,7.269396524218173e-05
FY21-22,NITZE SCH ADV INT STUDIES-SAIS,Administrative & Staff,14,2.166540405,13846,22276,561.0,902.0,8.131120119875943e-05,4.556629956174238e-05
FY21-22,NITZE SCH ADV INT STUDIES-SAIS,Deans/Executive,36,7.627740767600001,45387,73027,265.0,426.0,0.00020908594593966709,0.00016042531216756899
FY21-22,NITZE SCH ADV INT STUDIES-SAIS,Faculty,273,94.7295700794,594446,956543,611.0,983.0,0.0015855684233758087,0.001992335779951913
FY21-22,NITZE SCH ADV INT STUDIES-SAIS,Postdocs,7,3.7058513639,23203,37338,3782.0,6086.0,4.0655600599379715e-05,7.794081891528765e-05
FY21-22,NITZE SCH ADV INT STUDIES-SAIS,Students,17,6.9319071519,43271,69633,2377.0,3825.0,9.873503002706502e-05,0.00014579066104131107
FY21-22,PEABODY INSTITUTE,Administrative & Staff,40,5.3198458709,38637,62155,620.0,997.0,0.0002323177177107412,0.00011188606961416336
FY21-22,PEABODY INSTITUTE,Deans/Executive,4,1.8233595200000001,11350,18263,2784.5,4480.5,2.323177177107412e-05,3.834857910119373e-05
FY21-22,PEABODY INSTITUTE,Faculty,45,5.1584102676,36783,59159,576.0,926.0,0.00026135743242458386,0.00010849078418910413
FY21-22,PEDIATRIC PHYSICIANS SERVICES,Medical Providers,43,6.0739776153000005,44072,70903,926.0,1490.0,0.0002497415465390468,0.00012774683680550947
FY21-22,PEDIATRIC PHYSICIANS SERVICES,Unavailable,14,1.8563138844,14268,22954,1008.0,1622.0,8.131120119875943e-05,3.904166954005735e-05
FY21-22,SMH FOUNDATION,Unavailable,8,0.805339427,6190,9958,768.0,1235.5,4.646354354214824e-05,1.6937758231914423e-05
FY21-22,School of Education,Administrative & Staff,128,23.8775390769,166179,267367,894.0,1438.0,0.0007434166966743718,0.0005021882333070243
FY21-22,School of Education,Deans/Executive,16,2.1492312428,15757,25349,886.0,1425.0,9.292708708429648e-05,4.520225628419825e-05
FY21-22,School of Education,Faculty,111,14.2125653683,105099,169082,736.0,1184.0,0.0006446816666473068,0.00029891619358596874
FY21-22,School of Medicine (SOM),Administrative & Staff,548,103.71510600810001,707987,1139061,922.0,1483.0,0.0031827527326371546,0.002181318002902859
FY21-22,School of Medicine (SOM),Deans/Executive,28,2.1617176994,16058,25829,531.0,854.0,0.00016262240239751886,4.546486925951467e-05
FY21-22,School of Medicine (SOM),Faculty,2693,598.3203710533,4041999,6503497,999.0,1607.0,0.01564079034487565,0.0125837695887825
FY21-22,School of Medicine (SOM),Medical Providers,187,38.6773598787,271186,436332,999.0,1607.0,0.001086085330297715,0.0008134554806468795
FY21-22,School of Medicine (SOM),Non-Employees & Affiliates,62,15.5106290487,100476,161666,1107.0,1781.0,0.00036009246245164887,0.0003262168422952294
FY21-22,School of Medicine (SOM),Postdocs,227,45.4981808686,311957,501912,935.0,1504.0,0.0013184030480084563,0.0009569097969225104
FY21-22,School of Medicine (SOM),Students,278,58.0055351113,395818,636845,1084.0,1744.0,0.0016146081380896515,0.0012199622878118726
FY21-22,School of Medicine (SOM),Unavailable,4,0.33306444800000007,2560,4116,640.0,1029.0,2.323177177107412e-05,7.004953323699665e-06
FY21-22,School of Nursing (SON),Administrative & Staff,42,10.7823666119,73702,118591,1235.5,1988.0,0.00024393360359627826,0.00022677285218798614
FY21-22,School of Nursing (SON),Deans/Executive,2,1.6528253192,10054,16180,5027.0,8090.0,1.161588588553706e-05,3.4761933561954346e-05
FY21-22,School of Nursing (SON),Faculty,115,31.147567725200002,204252,328653,988.0,1590.0,0.0006679134384183809,0.0006550902066311206
FY21-22,Sheridan Libraries,Administrative & Staff,26,2.8950409318,21646,34822,584.0,939.0,0.00015100651651198178,6.088799545924212e-05
FY21-22,Sheridan Libraries,Deans/Executive,8,3.2678495066000006,20032,32234,2986.5,4806.0,4.646354354214824e-05,6.87288403192405e-05
FY21-22,Sheridan Libraries,Students,3,0.6077125143,4671,7517,1190.0,1915.0,1.742382882830559e-05,1.2781303505859817e-05
FY21-22,Sibley Memorial Hospital,Medical Providers,6,0.8683094242,6674,10736,1191.0,1916.0,3.484765765661118e-05,1.826213221967639e-05
FY21-22,Sibley Memorial Hospital,Unavailable,14,3.5228412421999997,22984,36984,761.0,1224.0,8.131120119875943e-05,7.40917819857349e-05
FY21-22,Suburban Hospital,Medical Providers,7,0.22840848879999998,1343,2158,198.0,318.0,4.0655600599379715e-05,4.8038474607196064e-06
FY21-22,Suburban Hospital,Unavailable,4,0.6592334210999999,5067,8152,1401.5,2255.0,2.323177177107412e-05,1.3864882223119607e-05
FY21-22,U-WIDE STUDENT AFFAIRS,Administrative & Staff,66,9.0045344867,65443,105282,620.0,997.0,0.000383324234222723,0.00018938179730601995
FY21-22,U-WIDE STUDENT AFFAIRS,Deans/Executive,23,6.4430765733,42351,68148,1889.0,3040.0,0.0001335826876836762,0.00013550966165259786
FY21-22,U-WIDE STUDENT AFFAIRS,Students,4,0.41633056,3200,5147,607.0,976.0,2.323177177107412e-05,8.75619165462458e-06
FY21-22,Unavailable,Unavailable,1758,443.97280272390003,2877401,4629816,788.0,1268.0,0.010210363693387077,0.009337558477790577
FY21-22,University Administration,Administrative & Staff,470,76.3172689158,530064,852800,844.0,1358.0,0.0027297331831012094,0.0016050914763121589
FY21-22,University Administration,Deans/Executive,229,55.301445089000005,354907,571029,620.0,997.0,0.0013300189338939935,0.0011630903385448845
FY21-22,University Administration,Students,2,0.0960162354,738,1186,369.0,593.0,1.161588588553706e-05,2.019396700347794e-06
FY21-22,WEST COAST NEONATOLOGY,Medical Providers,5,0.7012567869999999,5390,8671,1049.0,1688.0,2.903971471384265e-05,1.4748710318258275e-05
FY21-22,Whiting School of Engineering,Administrative & Staff,167,22.8561454807,165964,267001,609.0,980.0,0.0009699264714423446,0.0004807064615073913
FY21-22,Whiting School of Engineering,Deans/Executive,17,2.9719712228,21080,33916,999.0,1607.0,9.873503002706502e-05,6.250597990900733e-05
FY21-22,Whiting School of Engineering,Faculty,515,124.3667397186,833563,1341196,956.0,1538.0,0.002991090615525793,0.0026156595577246904
FY21-22,Whiting School of Engineering,Postdocs,80,17.334566265,117914,189720,1215.0,1955.0,0.0004646354354214824,0.00036457757140415006
FY21-22,Whiting School of Engineering,Students,325,87.21978291,579141,931855,1537.0,2473.0,0.0018875814563997723,0.0018343912472692603
FY21-22,Whiting School of Engineering,Unavailable,1,0.5918212800000001,3600,5793,3600.0,5793.0,5.80794294276853e-06,1.2447081840365593e-05
FY22-23,555 PENN,Administrative & Staff,12,3.7488316050000003,24750,39828,1816.5,2923.0,6.969531531322237e-05,7.884477184258074e-05
FY22-23,ACH FOUNDATION,Unavailable,25,2.8751528267000004,22099,35555,999.0,1607.0,0.00014519857356921326,6.046971230485894e-05
FY22-23,ACH RESEARCH INSTITUTE,Non-Employees & Affiliates,2,0.2196143704,1688,2716,844.0,1358.0,1.161588588553706e-05,4.618891097814466e-06
FY22-23,ACH RESEARCH INSTITUTE,Unavailable,17,3.8993729865,25245,40618,995.0,1601.0,9.873503002706502e-05,8.201093189666362e-05
FY22-23,ALL CHILDRENS HEALTH SYSTEM,Unavailable,6,0.5796102015,4455,7167,844.0,1358.0,3.484765765661118e-05,1.2190260569172657e-05
FY22-23,All Children’s Hospital,Medical Providers,15,2.0359865417000003,15649,25176,1007.0,1620.0,8.711914414152795e-05,4.282051350100627e-05
FY22-23,All Children’s Hospital,Unavailable,225,34.7499216344,246875,397201,845.0,1359.0,0.0013067871621229193,0.0007308542851478197
FY22-23,BIOETHICS INSTITUTE,Administrative & Staff,15,7.2592651143,44451,71526,3219.0,5180.0,8.711914414152795e-05,0.00015267559655611398
FY22-23,BIOETHICS INSTITUTE,Faculty,218,83.4060459723,526602,847358,1509.0,2428.0,0.0012661315615235397,0.0017541813978005538
FY22-23,BIOETHICS INSTITUTE,Postdocs,8,1.1639041218,8946,14395,972.5,1564.5,4.646354354214824e-05,2.447902829445984e-05
FY22-23,BIOETHICS INSTITUTE,Students,18,2.2689473338000004,17276,27796,961.0,1546.5,0.00010454297296983354,4.7720104209987025e-05
FY22-23,BOLOGNA CENTER,Administrative & Staff,4,1.4075714747,8574,13796,2132.0,3430.5,2.323177177107412e-05,2.960379752102693e-05
FY22-23,BOLOGNA CENTER,Deans/Executive,12,3.4915207474,23078,37134,1480.5,2382.0,6.969531531322237e-05,7.343305480705634e-05
FY22-23,BOLOGNA CENTER,Faculty,86,18.3559509289,118555,190763,806.0,1297.0,0.0004994830930780936,0.00038605915534120893
FY22-23,Bloomberg School of Public Health,Administrative & Staff,693,186.8687934934,1223653,1968923,966.0,1554.0,0.004024904459338592,0.003930191841061759
FY22-23,Bloomberg School of Public Health,Deans/Executive,71,23.9071099793,151603,243939,1207.0,1942.0,0.0004123639489365657,0.0005028101633637912
FY22-23,Bloomberg School of Public Health,Faculty,2155,634.5630225907,4075150,6557189,1024.0,1647.0,0.012516117041666183,0.01334601870864833
FY22-23,Bloomberg School of Public Health,Postdocs,170,50.5713219549,324804,522625,1495.0,2405.5,0.00098735030027065,0.0010636072145768693
FY22-23,Bloomberg School of Public Health,Students,353,94.07187827,612283,985191,969.0,1559.0,0.002050203858797291,0.001978503320636932
FY22-23,Bloomberg School of Public Health,Unavailable,2,0.161328092,1240,1994,620.0,997.0,1.161588588553706e-05,3.393024266167025e-06
FY22-23,CENTER FOR TALENTED YOUTH,Administrative & Staff,70,7.9883274531,60854,97905,609.0,980.0,0.0004065560059937971,0.0001680091083855162
FY22-23,CENTER FOR TALENTED YOUTH,Deans/Executive,2,0.7647646096,4652,7486,2326.0,3743.0,1.161588588553706e-05,1.608439575593909e-05
FY22-23,CENTER FOR TALENTED YOUTH,Non-Employees & Affiliates,16,1.7900883954000002,13410,21574,642.5,1033.5,9.292708708429648e-05,3.764882661710394e-05
FY22-23,CGEPI,Administrative & Staff,239,30.2798619144,216378,348094,611.0,983.0,0.0013880983633216787,0.0006368407695030938
FY22-23,CGEPI,Deans/Executive,2,0.0960162354,738,1186,369.0,593.0,1.161588588553706e-05,2.019396700347794e-06
FY22-23,CGEPI,Faculty,56,12.246779657000001,80364,129305,771.0,1240.0,0.0003252448047950377,0.0002575721316942227
FY22-23,Carey Business School,Administrative & Staff,285,52.4662896239,362382,583040,844.0,1358.0,0.001655263738689031,0.0011034618437664278
FY22-23,Carey Business School,Deans/Executive,66,17.0055847302,110900,178446,952.0,1531.5,0.000383324234222723,0.0003576584891980748
FY22-23,Carey Business School,Faculty,633,153.850861183,1007201,1620584,824.0,1326.0,0.0036764278827724796,0.003235764453004337
FY22-23,Carey Business School,Postdocs,1,0.10265150370000002,789,1269,789.0,1269.0,5.80794294276853e-06,2.1589485048433733e-06
FY22-23,Carey Business School,Students,9,2.7980125612,18164,29229,2536.0,4081.0,5.227148648491677e-05,5.8847311708067236e-05
FY22-23,EMRS PROJECT,Administrative & Staff,2,0.16653222400000003,1280,2058,640.0,1029.0,1.161588588553706e-05,3.5024766618498327e-06
FY22-23,EMRS PROJECT,Unavailable,283,18.9199778437,140408,225775,509.0,819.0,0.001643647852803494,0.0003979216709450488
FY22-23,EVERGREEN HOUSE,Administrative & Staff,12,0.727277447,5590,8988,405.0,651.0,6.969531531322237e-05,1.529597229667231e-05
FY22-23,HUMAN LANGUAGE TECHNOLOGY COE,Administrative & Staff,3,0.36493975650000005,2805,4512,935.0,1504.0,1.742382882830559e-05,7.675349247256859e-06
FY22-23,HUMAN LANGUAGE TECHNOLOGY COE,Faculty,67,25.0191854055,156998,252621,2180.0,3508.0,0.0003891321771654915,0.0005261991395806837
FY22-23,HUMAN LANGUAGE TECHNOLOGY COE,Students,6,1.0734969484,6938,11162,609.0,980.0,3.484765765661118e-05,2.257760040686188e-05
FY22-23,Homewood Student Affairs,Administrative & Staff,932,156.93644847820002,1098077,1766634,789.0,1269.0,0.00541300282266027,0.0033006599863128843
FY22-23,Homewood Student Affairs,Deans/Executive,97,15.098228587200001,106935,172046,789.0,1269.0,0.0005633704654485474,0.00031754330778613733
FY22-23,Homewood Student Affairs,Faculty,292,34.4272945798,245856,395488,609.0,980.0,0.001695919339288411,0.0007240688492599409
FY22-23,Homewood Student Affairs,Students,99,29.172492478000002,191163,307591,1235.0,1987.0,0.0005749863513340845,0.0006135507688420998
FY22-23,Howard County General Hospital,Medical Providers,4,3.3221822251,20462,32929,5121.5,8242.0,2.323177177107412e-05,6.987155656928653e-05
FY22-23,Howard County General Hospital,Unavailable,18,3.9167755476000004,27870,44842,2103.0,3384.0,0.00010454297296983354,8.237693952356691e-05
FY22-23,INSTITUTION WIDE FUNDS,Administrative & Staff,4,0.36663109940000005,2818,4532,704.5,1133.0,2.323177177107412e-05,7.710921275853772e-06
FY22-23,INSTITUTION WIDE FUNDS,Deans/Executive,10,2.9597848552,19244,30966,1394.0,2243.0,5.80794294276853e-05,6.224967835314914e-05
FY22-23,INSTITUTION WIDE FUNDS,Students,13,1.1368813103,8067,12976,609.0,980.0,7.550325825599089e-05,2.391068924065415e-05
FY22-23,JANE BANCROFT ROBINSON FNDATN,Unavailable,2,0.24329317100000003,1870,3008,935.0,1504.0,1.161588588553706e-05,5.116899498171239e-06
FY22-23,JH Bayview Medical Center,Medical Providers,13,1.5901225326000001,12222,19661,949.0,1527.0,7.550325825599089e-05,3.344317950088176e-05
FY22-23,JH Bayview Medical Center,Unavailable,37,5.6757585531,39984,64327,761.0,1224.0,0.0002148938888824356,0.00011937156301069588
FY22-23,JH Community Physicians,Medical Providers,101,22.764057806,152682,245666,1296.0,2085.0,0.0005866022372196215,0.0004787696896098349
FY22-23,JH Community Physicians,Unavailable,6,1.185241063,9110,14658,2093.0,3368.0,3.484765765661118e-05,2.4927783116759354e-05
FY22-23,JH HEALTH SYSTEM CORPORATION,Administrative & Staff,5,0.7556399664000001,5808,9344,789.0,1269.0,2.903971471384265e-05,1.5892487853143614e-05
FY22-23,JH HEALTH SYSTEM CORPORATION,Medical Providers,16,1.8873386896000002,14252,22924,742.5,1194.0,9.292708708429648e-05,3.9694177826690435e-05
FY22-23,JH HEALTH SYSTEM CORPORATION,Unavailable,900,159.1474648305,1093658,1759580,844.0,1358.0,0.005227148648491677,0.0033471616962335964
FY22-23,JH TECHNOLOGY VENTURES,Administrative & Staff,26,4.0288817999,29722,47823,1318.5,2121.5,0.00015100651651198178,8.47347386503485e-05
FY22-23,JH TECHNOLOGY VENTURES,Deans/Executive,8,1.0755636047,7978,12836,1122.0,1805.5,4.646354354214824e-05,2.26210659613651e-05
FY22-23,JH TECHNOLOGY VENTURES,Students,2,0.5005073951,3847,6190,1923.5,3095.0,1.161588588553706e-05,1.0526584154793987e-05
FY22-23,JHBMC GRANT COMPANY,Unavailable,4,1.5328171152,9324,15004,2331.0,3751.0,2.323177177107412e-05,3.223794196654688e-05
FY22-23,JHHCG CORP (GROUP),Unavailable,6,0.5591839834000001,4298,6912,408.0,656.0,3.484765765661118e-05,1.176065991611764e-05
FY22-23,JHHCG PHARMAQUIP,Unavailable,14,1.9475162977,14969,24081,1047.0,1684.5,8.131120119875943e-05,4.0959822774398544e-05
FY22-23,JHMI UTILITIES LLC,Unavailable,4,0.7309203394,5618,9040,1404.5,2260.0,2.323177177107412e-05,1.5372588973650278e-05
FY22-23,JHMMC INTRASTAFF DIVISION,Unavailable,10,1.4548151006,11182,17992,1215.0,1955.0,5.80794294276853e-05,3.059741721312877e-05
FY22-23,JHPEIGO,Administrative & Staff,1799,937.1050436624,5821400,9367737,3242.0,5217.0,0.010448489354040585,0.019709029677819734
FY22-23,JHPEIGO,Faculty,1198,617.9544151489,3823318,6152408,3194.0,5140.0,0.006957915645436699,0.012996709376475298
FY22-23,JHU PRESS BOOK DIVISION,Administrative & Staff,28,3.3041341118000003,23644,38034,561.0,902.0,0.00016262240239751886,6.949197180121383e-05
FY22-23,JHU PRESS JOURNALS DIVISION,Administrative & Staff,28,5.0798157326,35692,57427,999.0,1607.0,0.00016262240239751886,0.00010683779765007587
FY22-23,JHU PRESS MUSE,Administrative & Staff,82,12.9029686214,90060,144893,802.5,1291.0,0.0004762513213070195,0.0002713729834355314
FY22-23,JHU Press,Deans/Executive,2,0.3871874208,2976,4788,1488.0,2394.0,1.161588588553706e-05,8.14325823880086e-06
FY22-23,JOHNS HOPKINS AT ALL CHILDRENS,Administrative & Staff,4,0.5284796046,4062,6536,1015.5,1634.0,2.323177177107412e-05,1.1114890781589076e-05
FY22-23,JOHNS HOPKINS AT ALL CHILDRENS,Deans/Executive,20,2.2064218647000002,16959,27286,844.0,1358.0,0.0001161588588553706,4.640507945961821e-05
FY22-23,JOHNS HOPKINS AT ALL CHILDRENS,Faculty,226,49.7235120685,334472,538166,926.0,1490.0,0.0013125951050656879,0.0010457762250573781
FY22-23,JOHNS HOPKINS AT ALL CHILDRENS,Students,2,0.2196143704,1688,2716,844.0,1358.0,1.161588588553706e-05,4.618891097814466e-06
FY22-23,JOHNS HOPKINS IMAGING LLC,Unavailable,20,2.1279510612,15544,25004,620.0,997.0,0.0001161588588553706,4.475469521989681e-05
FY22-23,Johns Hopkins HealthCare,Unavailable,340,34.8834963331,252261,405801,586.0,943.0,0.0019747006005413,0.0007336636048913089
FY22-23,Johns Hopkins Hospital,Medical Providers,97,23.1772961019,155132,249596,999.0,1607.0,0.0005633704654485474,0.000487460845305758
FY22-23,Johns Hopkins Hospital,Unavailable,571,93.6940917118,698811,1124330,999.0,1607.0,0.0033163354203208308,0.0019705577796991247
FY22-23,Johns Hopkins International,Unavailable,349,165.9348598648,1044678,1681058,2069.0,3329.0,0.002026972087026217,0.0034899130036465755
FY22-23,Krieger School of Arts and Sciences,Administrative & Staff,460,84.6424450985,583943,939524,935.0,1504.0,0.0026716537536735237,0.0017801851283713234
FY22-23,Krieger School of Arts and Sciences,Deans/Executive,32,7.7523626522,51478,82829,1243.5,2000.5,0.00018585417416859296,0.0001630463378878959
FY22-23,Krieger School of Arts and Sciences,Faculty,1831,499.9950802693,3253140,5234454,1180.0,1899.0,0.010634343528209179,0.010515809238715005
FY22-23,Krieger School of Arts and Sciences,Postdocs,260,71.5179135179,469297,755140,1337.0,2151.5,0.0015100651651198179,0.0015041522714585218
FY22-23,Krieger School of Arts and Sciences,Students,910,214.4168567992,1418139,2281781,935.0,1504.0,0.005285228077919362,0.004509577899148188
FY22-23,Krieger School of Arts and Sciences,Unavailable,24,9.0816672974,57252,92124,2355.5,3790.0,0.00013939063062644473,0.00019100404111475948
FY22-23,NANJING CENTER,Administrative & Staff,17,6.5331090241,40858,65744,527.0,848.0,9.873503002706502e-05,0.00013740320843989197
FY22-23,NANJING CENTER,Faculty,3,2.9931361236000003,18207,29301,6069.0,9767.0,1.742382882830559e-05,6.295111640764898e-05
FY22-23,NITZE SCH ADV INT STUDIES-SAIS,Administrative & Staff,104,32.5546405712,206710,332614,925.5,1489.0,0.0006040260660479271,0.00068468351708038
FY22-23,NITZE SCH ADV INT STUDIES-SAIS,Deans/Executive,75,22.7630554192,139279,224114,611.0,983.0,0.0004355957207076398,0.00047874860758565467
FY22-23,NITZE SCH ADV INT STUDIES-SAIS,Faculty,368,105.2881189764,673050,1082965,925.5,1489.0,0.0021373230029388193,0.0022144013370343834
FY22-23,NITZE SCH ADV INT STUDIES-SAIS,Postdocs,23,10.1638113629,64353,103552,1835.0,2953.0,0.0001335826876836762,0.00021376350617884852
FY22-23,NITZE SCH ADV INT STUDIES-SAIS,Students,7,3.2807402449,20348,32744,2331.0,3751.0,4.0655600599379715e-05,6.899995607669151e-05
FY22-23,PEABODY INSTITUTE,Administrative & Staff,71,8.5624517785,59465,95659,620.0,997.0,0.0004123639489365657,0.00018008399096628192
FY22-23,PEABODY INSTITUTE,Deans/Executive,7,0.7440607727000002,5719,9201,736.0,1184.0,4.0655600599379715e-05,1.564895627274937e-05
FY22-23,PEABODY INSTITUTE,Faculty,111,19.0870421844,130045,209223,789.0,1269.0,0.0006446816666473068,0.00040143533899243575
FY22-23,PEABODY INSTITUTE,Students,6,0.6961827583,5351,8608,579.5,932.0,3.484765765661118e-05,1.464199423246754e-05
FY22-23,PEDIATRIC PHYSICIANS SERVICES,Medical Providers,89,13.6370517072,97807,157368,816.0,1313.0,0.0005169069219063992,0.00028681209073931185
FY22-23,PEDIATRIC PHYSICIANS SERVICES,Unavailable,29,6.4568286048,43167,69457,844.0,1358.0,0.00016843034534028738,0.0001357988919782661
FY22-23,SMH FOUNDATION,Unavailable,4,0.2846660204,2188,3520,547.0,880.0,2.323177177107412e-05,5.987046043849557e-06
FY22-23,School of Education,Administrative & Staff,287,53.261335361600004,366275,589308,926.0,1490.0,0.001666879624574568,0.0011201831069220646
FY22-23,School of Education,Deans/Executive,47,3.5567056672,26516,42639,361.0,580.0,0.0002729733183101209,7.480401266025869e-05
FY22-23,School of Education,Faculty,256,33.4458851593,235297,378537,620.0,997.0,0.0014868333933487437,0.0007034280176631634
FY22-23,School of Education,Students,37,2.7531932201,20191,32469,576.0,926.0,0.0002148938888824356,5.790467915064557e-05
FY22-23,School of Medicine (SOM),Administrative & Staff,1814,370.33824781420003,2522344,4058330,846.0,1361.0,0.010535608498182114,0.007788889374104529
FY22-23,School of Medicine (SOM),Deans/Executive,75,7.4223438582000005,55973,90038,586.0,943.0,0.0004355957207076398,0.00015610544022741173
FY22-23,School of Medicine (SOM),Faculty,7183,1830.6103641998,12114013,19491796,999.0,1607.0,0.04171845415790635,0.038501077590546204
FY22-23,School of Medicine (SOM),Medical Providers,505,101.3623738492,705517,1135154,999.0,1607.0,0.002933011186098108,0.002131835750878585
FY22-23,School of Medicine (SOM),Non-Employees & Affiliates,156,41.5253433756,272873,439061,997.0,1604.0,0.0009060390990718907,0.0008733537723506265
FY22-23,School of Medicine (SOM),Postdocs,781,148.32904447430002,1024032,1647606,949.0,1527.0,0.004536003438302222,0.003119630567989782
FY22-23,School of Medicine (SOM),Students,765,181.32681395030002,1221809,1965902,1207.0,1942.0,0.004443076351217926,0.0038136338948341455
FY22-23,School of Medicine (SOM),Unavailable,2,0.0960162354,738,1186,369.0,593.0,1.161588588553706e-05,2.019396700347794e-06
FY22-23,School of Nursing (SON),Administrative & Staff,105,15.723130257200001,112131,180398,789.0,1269.0,0.0006098340089906956,0.0003306861306137841
FY22-23,School of Nursing (SON),Deans/Executive,28,2.992031686,21482,34556,461.5,742.0,0.00016262240239751886,6.29278880688593e-05
FY22-23,School of Nursing (SON),Faculty,418,97.91598392440001,646017,1039431,789.0,1269.0,0.0024277201500772457,0.00205935187965348
FY22-23,School of Nursing (SON),Postdocs,8,1.2262410147,8199,13190,704.5,1133.0,4.646354354214824e-05,2.5790086943112024e-05
FY22-23,School of Nursing (SON),Students,17,3.4116730530000003,23430,37694,789.0,1269.0,9.873503002706502e-05,7.175371203830477e-05
FY22-23,Sheridan Libraries,Administrative & Staff,74,9.03872934,63606,102320,598.0,961.5,0.0004297877777648712,0.00019010097749086287
FY22-23,Sheridan Libraries,Deans/Executive,6,0.606281378,4660,7496,473.0,761.0,3.484765765661118e-05,1.2751204097047045e-05
FY22-23,Sheridan Libraries,Students,14,5.0085370326000005,31385,50502,1024.0,1647.0,8.131120119875943e-05,0.00010533867647556376
FY22-23,Sibley Memorial Hospital,Medical Providers,4,1.0855819352,8344,13428,2086.0,3357.0,2.323177177107412e-05,2.2831769739433592e-05
FY22-23,Sibley Memorial Hospital,Unavailable,11,1.2785251291000002,9827,15808,761.0,1224.0,6.388737237045383e-05,2.6889717309373676e-05
FY22-23,Suburban Hospital,Medical Providers,4,0.48605579720000003,3496,5624,874.0,1406.0,2.323177177107412e-05,1.022264067073178e-05
FY22-23,Suburban Hospital,Unavailable,2,0.2196143704,1688,2716,844.0,1358.0,1.161588588553706e-05,4.618891097814466e-06
FY22-23,U-WIDE STUDENT AFFAIRS,Administrative & Staff,150,16.6841810698,124485,200244,620.0,997.0,0.0008711914414152795,0.0003508987835234295
FY22-23,U-WIDE STUDENT AFFAIRS,Deans/Executive,73,13.0524588672,87267,140403,651.0,1047.0,0.0004239798348221027,0.0002745170361870799
FY22-23,U-WIDE STUDENT AFFAIRS,Students,1,0.127501234,980,1577,980.0,1577.0,5.80794294276853e-06,2.6815836942287775e-06
FY22-23,Unavailable,Unavailable,6,4.672757795200001,28424,45742,4568.0,7351.0,3.484765765661118e-05,9.827662617515322e-05
FY22-23,University Administration,Administrative & Staff,1212,222.63211929050001,1519351,2444536,789.0,1269.0,0.007039226846635459,0.004682359865638641
FY22-23,University Administration,Deans/Executive,331,75.5119801456,490652,789437,620.0,997.0,0.0019224291140563835,0.0015881547834852186
FY22-23,University Administration,Faculty,1,0.2972860405,2285,3677,2285.0,3677.0,5.80794294276853e-06,6.252468103380364e-06
FY22-23,University Administration,Students,35,7.5283436738,54886,88307,1121.0,1804.0,0.00020327800299689856,0.00015833480984358514
FY22-23,WEST COAST NEONATOLOGY,Medical Providers,87,5.6459353213,43025,69236,407.0,655.0,0.0005052910360208621,0.00011874432600604002
FY22-23,Whiting School of Engineering,Administrative & Staff,519,73.16332032460001,520768,837823,587.0,944.0,0.003014322387296867,0.0015387581801607057
FY22-23,Whiting School of Engineering,Deans/Executive,101,21.3589365419,144636,232726,999.0,1607.0,0.0005866022372196215,0.0004492174244903876
FY22-23,Whiting School of Engineering,Faculty,1530,395.3664312091,2590618,4168373,969.0,1559.0,0.008886152702435852,0.008315277757827397
FY22-23,Whiting School of Engineering,Non-Employees & Affiliates,6,2.9252486994,17958,28898,3318.0,5339.5,3.484765765661118e-05,6.152331995371103e-05
FY22-23,Whiting School of Engineering,Postdocs,209,46.8034892327,313605,504584,949.0,1527.0,0.0012138600750386229,0.0009843628145545674
FY22-23,Whiting School of Engineering,Students,801,202.75856545780002,1360508,2189077,1207.0,1942.0,0.004652162297157592,0.004264382750968942
FY22-23,Whiting School of Engineering,Unavailable,1,0.9322829108,5671,9126,5671.0,9126.0,5.80794294276853e-06,1.960761142130924e-05
FY23-24,555 PENN,Administrative & Staff,8,1.2614815968,9696,15602,1188.5,1912.5,4.646354354214824e-05,2.6531260713512476e-05
FY23-24,ACH FOUNDATION,Unavailable,37,4.1550859196,31108,50047,844.0,1358.0,0.0002148938888824356,8.738904166307086e-05
FY23-24,ACH RESEARCH INSTITUTE,Medical Providers,4,0.3564220389,2602,4186,684.0,1100.5,2.323177177107412e-05,7.496206097723063e-06
FY23-24,ACH RESEARCH INSTITUTE,Unavailable,37,9.5849920728,62856,101138,1187.0,1910.0,0.0002148938888824356,0.00020158987992016276
FY23-24,ALL CHILDRENS HEALTH SYSTEM,Unavailable,9,0.9882646668,7596,12222,844.0,1358.0,5.227148648491677e-05,2.0785009940165097e-05
FY23-24,All Children’s Hospital,Medical Providers,119,48.3779195348,311003,500469,985.0,1585.0,0.0006911452101894551,0.0010174759578031342
FY23-24,All Children’s Hospital,Unavailable,261,28.1333894125,215344,346434,816.0,1313.0,0.0015158731080625865,0.0005916965345758813
FY23-24,BIOETHICS INSTITUTE,Administrative & Staff,5,3.1189682425000003,19535,31437,2454.0,3949.0,2.903971471384265e-05,6.55975955644899e-05
FY23-24,BIOETHICS INSTITUTE,Faculty,191,75.529521245,480791,773657,1509.0,2428.0,0.0011093171020687893,0.0015885237048254611
FY23-24,BIOETHICS INSTITUTE,Postdocs,3,0.6589333034,4153,6682,347.0,558.0,1.742382882830559e-05,1.3858570200047977e-05
FY23-24,BOLOGNA CENTER,Administrative & Staff,18,5.4210670346,33688,54208,585.0,941.0,0.00010454297296983354,0.00011401493545783653
FY23-24,BOLOGNA CENTER,Deans/Executive,5,1.9476385752999998,12626,20318,2285.0,3677.0,2.903971471384265e-05,4.096239449553443e-05
FY23-24,BOLOGNA CENTER,Faculty,66,22.5580771033,143360,230685,1031.5,1659.5,0.000383324234222723,0.00047443753943091104
FY23-24,BOLOGNA CENTER,Students,8,1.0297095867000001,7754,12476,880.0,1416.0,4.646354354214824e-05,2.1656672260017298e-05
FY23-24,Bloomberg School of Public Health,Administrative & Staff,992,261.3922569282,1706262,2745394,914.5,1471.5,0.005761479399226382,0.0054975563136614065
FY23-24,Bloomberg School of Public Health,Deans/Executive,47,13.3274566881,86332,138908,1215.0,1955.0,0.0002729733183101209,0.00028030074234692686
FY23-24,Bloomberg School of Public Health,Faculty,2490,834.1135595799,5327853,8573038,1267.0,2039.0,0.01446177792749364,0.017542930764925645
FY23-24,Bloomberg School of Public Health,Postdocs,110,27.744586867400002,180082,289761,738.0,1187.0,0.0006388737237045383,0.0005835193073247725
FY23-24,Bloomberg School of Public Health,Students,318,88.9566539683,581815,936160,928.5,1494.0,0.0018469258558003927,0.001870920816143199
FY23-24,Bloomberg School of Public Health,Unavailable,8,0.645312368,4960,7976,620.0,997.0,4.646354354214824e-05,1.35720970646681e-05
FY23-24,CENTER FOR TALENTED YOUTH,Administrative & Staff,139,17.0792055566,125627,202104,867.0,1395.0,0.0008073040690448257,0.00035920686956614163
FY23-24,CENTER FOR TALENTED YOUTH,Deans/Executive,11,2.3886543059000003,16453,26473,1140.0,1834.0,6.388737237045383e-05,5.023776034866297e-05
FY23-24,CGEPI,Administrative & Staff,451,73.4328354062,500043,804476,582.0,936.0,0.002619382267188607,0.0015444265743047756
FY23-24,CGEPI,Deans/Executive,4,0.8550562998,5346,8602,1336.5,2150.5,2.323177177107412e-05,1.7983394821035797e-05
FY23-24,CGEPI,Faculty,18,2.6541015468,18658,30018,848.0,1364.0,0.00010454297296983354,5.582060037729719e-05
FY23-24,CONSOLIDATED SERVICE CENTER,Unavailable,2,0.1584658194,1218,1960,609.0,980.0,1.161588588553706e-05,3.332825448541481e-06
FY23-24,Carey Business School,Administrative & Staff,403,86.2196639678,578756,931213,812.0,1306.0,0.0023406010059357175,0.0018133569202784105
FY23-24,Carey Business School,Deans/Executive,121,37.206850315100006,238743,384156,1080.0,1738.0,0.0007027610960749921,0.0007825279802278857
FY23-24,Carey Business School,Faculty,782,207.3040843254,1344939,2164065,935.0,1504.0,0.004541811381244991,0.004359983310232277
FY23-24,Carey Business School,Postdocs,9,3.4126930211000004,22567,36312,935.0,1504.0,5.227148648491677e-05,7.177516382931719e-05
FY23-24,Carey Business School,Students,5,1.1606602454000001,8308,13369,1996.0,3212.0,2.903971471384265e-05,2.4410803652333373e-05
FY23-24,EMRS PROJECT,Unavailable,343,28.0812805061,208035,334595,576.0,926.0,0.001992124429369606,0.0005906005891536877
FY23-24,HOMEWOOD HOUSE,Administrative & Staff,8,0.5620462559999999,4320,6948,494.0,794.5,4.646354354214824e-05,1.182085873374318e-05
FY23-24,HUMAN LANGUAGE TECHNOLOGY COE,Faculty,90,31.3805112524,198313,319104,1650.0,2655.0,0.0005227148648491677,0.0006599894342277387
FY23-24,Homewood Student Affairs,Administrative & Staff,1057,185.547184999,1285680,2068534,736.0,1184.0,0.0061389956905063365,0.0039023960019349212
FY23-24,Homewood Student Affairs,Deans/Executive,111,19.2238714964,131886,212195,789.0,1269.0,0.0006446816666473068,0.00040431310919465777
FY23-24,Homewood Student Affairs,Faculty,268,34.8240036627,251210,404143,748.5,1204.0,0.001556528708661966,0.0007324123654337303
FY23-24,Homewood Student Affairs,Students,130,31.5276947016,205195,330153,851.5,1370.0,0.0007550325825599089,0.0006630849708359183
FY23-24,Howard County General Hospital,Unavailable,51,5.2857154752,40014,64373,620.0,997.0,0.00029620509008119507,0.00011116824509031053
FY23-24,INSTITUTION WIDE FUNDS,Administrative & Staff,16,3.4526974181,25822,41550,2103.0,3384.0,9.292708708429648e-05,7.261652932302413e-05
FY23-24,INSTITUTION WIDE FUNDS,Deans/Executive,36,6.190315014,47580,76554,1215.0,1955.0,0.00020908594593966709,0.00013019362466469924
FY23-24,INSTITUTION WIDE FUNDS,Students,13,2.3651267427000002,16582,26679,1246.0,2005.0,7.550325825599089e-05,4.9742932746899865e-05
FY23-24,JH Bayview Medical Center,Medical Providers,26,5.259788181499999,36611,58906,620.0,997.0,0.00015100651651198178,0.00011062294677561814
FY23-24,JH Bayview Medical Center,Unavailable,47,7.840285064600001,60262,96956,999.0,1607.0,0.0002729733183101209,0.0001648955067159333
FY23-24,JH Community Physicians,Medical Providers,144,34.2155093957,232263,373719,1207.0,1942.0,0.0008363437837586683,0.000719614620241563
FY23-24,JH Community Physicians,Unavailable,29,2.7715129434000003,20138,32394,592.0,952.0,0.00016843034534028738,5.828997637282041e-05
FY23-24,JH HEALTH SYSTEM CORPORATION,Administrative & Staff,3,0.8208217197000001,6309,10152,2103.0,3384.0,1.742382882830559e-05,1.7263379109070776e-05
FY23-24,JH HEALTH SYSTEM CORPORATION,Medical Providers,6,0.9989331374,7678,12354,999.0,1607.0,3.484765765661118e-05,2.1009387351314854e-05
FY23-24,JH HEALTH SYSTEM CORPORATION,Unavailable,1133,212.9048092298,1453382,2338399,844.0,1358.0,0.0065803993541567445,0.0044777767786429445
FY23-24,JH TECHNOLOGY VENTURES,Administrative & Staff,51,10.7583077468,74938,120579,965.0,1553.0,0.00029620509008119507,0.0002262668503374173
FY23-24,JH TECHNOLOGY VENTURES,Deans/Executive,4,0.8569904371,6587,10599,1996.0,3212.0,2.323177177107412e-05,1.8024073259066286e-05
FY23-24,JH TECHNOLOGY VENTURES,Students,2,0.10655338199999999,510,820,255.0,410.0,1.161588588553706e-05,2.241012128056189e-06
FY23-24,JHBMC GRANT COMPANY,Unavailable,8,0.8779370684,6748,10858,949.0,1527.0,4.646354354214824e-05,1.8464619151689582e-05
FY23-24,JHHCG CORP (GROUP),Medical Providers,2,0.2414717248,1856,2986,928.0,1493.0,1.161588588553706e-05,5.078591159682257e-06
FY23-24,JHHCG CORP (GROUP),Unavailable,2,0.2414717248,1856,2986,928.0,1493.0,1.161588588553706e-05,5.078591159682257e-06
FY23-24,JHHCG HOME HEALTH SERVICES,Medical Providers,2,0.24329317100000003,1870,3008,935.0,1504.0,1.161588588553706e-05,5.116899498171239e-06
FY23-24,JHHCG PHARMAQUIP,Unavailable,16,1.541224138,11210,18030,731.0,1175.5,9.292708708429648e-05,3.241475700237226e-05
FY23-24,JHMMC INTRASTAFF DIVISION,Unavailable,6,1.6416434394000001,12618,20304,2103.0,3384.0,3.484765765661118e-05,3.452675821814155e-05
FY23-24,JHPEIGO,Administrative & Staff,1451,808.8942508888,4994751,8037540,3637.0,5853.0,0.008427325209957138,0.017012522667339894
FY23-24,JHPEIGO,Deans/Executive,20,8.0887887549,50028,80498,3071.5,4942.5,0.0001161588588553706,0.0001701219929463658
FY23-24,JHPEIGO,Faculty,904,433.6733319229,2708594,4358573,2449.0,3941.0,0.0052503804202627515,0.009120941805993134
FY23-24,JHU PRESS BOOK DIVISION,Administrative & Staff,28,2.5918891754000004,19614,31548,576.0,926.0,0.00016262240239751886,5.4512160643093956e-05
FY23-24,JHU PRESS JOURNALS DIVISION,Administrative & Staff,30,3.9110894280000004,27038,43494,609.0,980.0,0.0001742382882830559,8.225735004882664e-05
FY23-24,JHU PRESS MUSE,Administrative & Staff,118,17.948346152,125531,201946,576.0,926.0,0.0006853372672466865,0.00037748648283338987
FY23-24,JHU Press,Administrative & Staff,12,3.7647057038000002,25066,40332,2077.0,3342.0,6.969531531322237e-05,7.91786331172305e-05
FY23-24,JHU Press,Deans/Executive,12,1.2648642826,9722,15638,553.5,890.0,6.969531531322237e-05,2.6602404770706302e-05
FY23-24,JOHNS HOPKINS AT ALL CHILDRENS,Deans/Executive,6,0.6515573264000001,5008,8058,844.0,1358.0,3.484765765661118e-05,1.370343993948747e-05
FY23-24,JOHNS HOPKINS AT ALL CHILDRENS,Faculty,277,57.1854179717,385437,620148,871.0,1401.0,0.0016088001951468829,0.001202713727308459
FY23-24,JOHNS HOPKINS AT ALL CHILDRENS,Non-Employees & Affiliates,4,0.2451146172,1884,3030,471.0,757.5,2.323177177107412e-05,5.155207836660222e-06
FY23-24,JOHNS HOPKINS AT ALL CHILDRENS,Postdocs,14,2.7461872456000003,18452,29688,844.0,1358.0,8.131120119875943e-05,5.775733071806976e-05
FY23-24,JOHNS HOPKINS IMAGING LLC,Unavailable,38,4.236420277400001,32482,52251,620.0,997.0,0.00022070183182520416,8.909965167690845e-05
FY23-24,Johns Hopkins HealthCare,Unavailable,303,38.9455030741,275884,443799,620.0,997.0,0.0017598067116588647,0.000819095021519896
FY23-24,Johns Hopkins Hospital,Medical Providers,173,32.4766628389,226802,364914,844.0,1358.0,0.0010047741290989556,0.0006830435030280563
FY23-24,Johns Hopkins Hospital,Unavailable,853,138.3712724638,989832,1592519,845.0,1359.0,0.0049541753301815565,0.0029102004455001085
FY23-24,Johns Hopkins International,Trustee,56,25.8951166233,159734,257036,455.5,732.5,0.0003252448047950377,0.000544621572032737
FY23-24,Johns Hopkins International,Unavailable,413,203.7751297462,1261303,2029623,2416.0,3888.0,0.002398680435363403,0.00428576295361003
FY23-24,Krieger School of Arts and Sciences,Administrative & Staff,602,136.6671615201,913879,1470430,965.0,1553.0,0.0034963816515466554,0.0028743598816371517
FY23-24,Krieger School of Arts and Sciences,Deans/Executive,48,9.9968071043,68121,109602,1023.5,1646.5,0.00027878126125288947,0.00021025110176769963
FY23-24,Krieger School of Arts and Sciences,Faculty,2183,623.6313577102001,4020940,6469961,1099.0,1768.0,0.012678739444063702,0.013116105841339753
FY23-24,Krieger School of Arts and Sciences,Non-Employees & Affiliates,8,5.2395910656,31872,51292,3984.0,6411.5,4.646354354214824e-05,0.00011019816456003669
FY23-24,Krieger School of Arts and Sciences,Postdocs,289,72.1071368243,474915,764150,999.0,1607.0,0.0016784955104601053,0.0015165447131716885
FY23-24,Krieger School of Arts and Sciences,Students,882,227.7680193721,1493615,2403247,935.0,1504.0,0.005122605675521844,0.004790377219525638
FY23-24,NANJING CENTER,Administrative & Staff,25,8.8751283262,55814,89810,861.0,1385.0,0.00014519857356921326,0.00018666014953020664
FY23-24,NANJING CENTER,Faculty,12,4.987285889400001,31278,50330,638.5,1027.0,6.969531531322237e-05,0.00010489172614182157
FY23-24,NANJING CENTER,Students,1,0.638673798,3885,6252,3885.0,6252.0,5.80794294276853e-06,1.3432475819394534e-05
FY23-24,NITZE SCH ADV INT STUDIES-SAIS,Administrative & Staff,186,65.0019691964,414281,666628,1481.0,2383.0,0.0010802773873549467,0.0013671100680470866
FY23-24,NITZE SCH ADV INT STUDIES-SAIS,Deans/Executive,150,55.805483867300005,343376,552542,966.0,1554.0,0.0008711914414152795,0.0011736911941346293
FY23-24,NITZE SCH ADV INT STUDIES-SAIS,Faculty,532,201.26807393270002,1262974,2032301,1721.5,2770.0,0.003089825645552858,0.004233034993424146
FY23-24,NITZE SCH ADV INT STUDIES-SAIS,Postdocs,5,2.026450789,13280,21371,2416.0,3888.0,2.903971471384265e-05,4.261995921497859e-05
FY23-24,NITZE SCH ADV INT STUDIES-SAIS,Students,62,30.550718730800003,193352,311144,2306.0,3711.0,0.00036009246245164887,0.0006425373827792364
FY23-24,PEABODY INSTITUTE,Administrative & Staff,118,11.604110183200001,84753,136328,581.0,934.5,0.0006853372672466865,0.0002440556195189706
FY23-24,PEABODY INSTITUTE,Deans/Executive,46,21.149591708800003,130984,210766,966.0,1554.0,0.0002671653753673524,0.00044481452050820335
FY23-24,PEABODY INSTITUTE,Faculty,71,17.947069811000002,119533,192329,1224.0,1969.0,0.0004123639489365657,0.00037745963905230247
FY23-24,PEABODY INSTITUTE,Students,3,0.2395201753,1841,2961,736.0,1184.0,1.742382882830559e-05,5.0375465113012035e-06
FY23-24,PEDIATRIC PHYSICIANS SERVICES,Medical Providers,122,20.8919296392,145005,233301,816.0,1313.0,0.0007085690390177607,0.0004393954168432098
FY23-24,PEDIATRIC PHYSICIANS SERVICES,Unavailable,66,14.5259726011,98627,158688,1007.0,1620.0,0.000383324234222723,0.0003055077197913531
FY23-24,SMH FOUNDATION,Unavailable,4,0.9635450398000001,7406,11918,1848.0,2974.0,2.323177177107412e-05,2.0265111060671764e-05
FY23-24,School of Education,Administrative & Staff,347,51.0585644226,368661,593115,887.0,1427.0,0.00201535620114068,0.0010738548130943873
FY23-24,School of Education,Deans/Executive,21,7.063767938700001,45699,73534,935.0,1504.0,0.00012196680179813913,0.00014856393408893553
FY23-24,School of Education,Faculty,328,60.2264887444,411138,661478,699.0,1124.5,0.001905005285228078,0.0012666729968875128
FY23-24,School of Education,Students,25,4.022635786,27310,43939,609.0,980.0,0.00014519857356921326,8.460337357643742e-05
FY23-24,School of Medicine (SOM),Administrative & Staff,2124,454.6749913462,3066658,4934210,844.0,1358.0,0.012336070810440358,0.009562645040498828
FY23-24,School of Medicine (SOM),Deans/Executive,169,17.4409193338,125343,201610,408.0,656.0,0.0009815423573278817,0.00036681437057995466
FY23-24,School of Medicine (SOM),Faculty,8028,2321.5107702521,15180484,24426350,1216.0,1956.5,0.04662616594454576,0.04882560922888418
FY23-24,School of Medicine (SOM),Medical Providers,413,91.6859336257,636358,1023885,1023.0,1646.0,0.002398680435363403,0.0019283225494179854
FY23-24,School of Medicine (SOM),Non-Employees & Affiliates,138,49.748646874900004,318850,513072,2056.0,3308.0,0.0008014961261020571,0.00104630485591753
FY23-24,School of Medicine (SOM),Postdocs,840,205.9255720216,1386271,2230531,1246.0,2005.0,0.004878672071925565,0.004330990680120448
FY23-24,School of Medicine (SOM),Students,851,235.1454977391,1564891,2518011,1488.0,2394.0,0.004942559444296019,0.004945539056574782
FY23-24,School of Medicine (SOM),Unavailable,2,0.5963935272,4584,7376,2292.0,3688.0,1.161588588553706e-05,1.2543244545249712e-05
FY23-24,School of Nursing (SON),Administrative & Staff,218,41.6600513884,290981,468166,907.0,1459.0,0.0012661315615235397,0.000876186927758412
FY23-24,School of Nursing (SON),Deans/Executive,19,4.402534348800001,30066,48378,999.0,1607.0,0.00011035091591260208,9.259333382627648e-05
FY23-24,School of Nursing (SON),Faculty,475,105.3771037346,702599,1130462,736.0,1184.0,0.002758772897815052,0.0022162728489338213
FY23-24,School of Nursing (SON),Postdocs,9,1.2782823347,8599,13833,576.0,926.0,5.227148648491677e-05,2.68846108999401e-05
FY23-24,School of Nursing (SON),Students,103,25.977764599300002,174573,280891,1020.0,1641.0,0.0005982181231051586,0.0005463598098352245
FY23-24,Sheridan Libraries,Administrative & Staff,101,13.5963192037,92116,148185,576.0,926.0,0.0005866022372196215,0.00028595541183681027
FY23-24,Sheridan Libraries,Deans/Executive,13,2.8083413449,19673,31654,609.0,980.0,7.550325825599089e-05,5.906454488363898e-05
FY23-24,Sheridan Libraries,Students,7,2.7165257884000003,16879,27160,1024.0,1647.0,4.0655600599379715e-05,5.713349612855838e-05
FY23-24,Sibley Memorial Hospital,Medical Providers,14,1.4788842111,11367,18287,318.0,511.0,8.131120119875943e-05,3.110363454316175e-05
FY23-24,Sibley Memorial Hospital,Unavailable,23,4.0075719499,30803,49562,1450.0,2333.0,0.0001335826876836762,8.428655360543779e-05
FY23-24,Suburban Hospital,Medical Providers,4,0.7743748416,5952,9576,1488.0,2394.0,2.323177177107412e-05,1.628651647760172e-05
FY23-24,Suburban Hospital,Unavailable,10,1.3888527275,10675,17175,1011.5,1627.5,5.80794294276853e-05,2.9210108097849184e-05
FY23-24,U-WIDE STUDENT AFFAIRS,Administrative & Staff,154,18.3824956375,136852,220149,620.0,997.0,0.0008944232131863536,0.00038661743901828935
FY23-24,U-WIDE STUDENT AFFAIRS,Deans/Executive,98,21.9819490918,142582,229410,688.0,1107.0,0.0005691784083913159,0.00046232051567389514
FY23-24,University Administration,Administrative & Staff,1567,271.1063539448,1847386,2972242,676.0,1087.0,0.009101046591318288,0.005701861506220335
FY23-24,University Administration,Deans/Executive,362,75.44362720240001,499470,803634,732.0,1178.0,0.002102475345282208,0.0015867171963169432
FY23-24,University Administration,Faculty,7,0.9175901715,6057,9744,347.0,558.0,4.0655600599379715e-05,1.9298596293420874e-05
FY23-24,University Administration,Students,18,4.0951904757,29409,47323,1625.5,2615.5,0.00010454297296983354,8.612933114355671e-05
FY23-24,University Administration,Unavailable,6,0.9640654529999999,7410,11922,1235.0,1987.0,3.484765765661118e-05,2.027605630024004e-05
FY23-24,WEST COAST NEONATOLOGY,Medical Providers,89,11.5912434907,85109,136950,407.0,655.0,0.0005169069219063992,0.00024378500948858721
FY23-24,Whiting School of Engineering,Administrative & Staff,731,155.6440064926,1052849,1694017,789.0,1269.0,0.004245606291163795,0.003273477572107217
FY23-24,Whiting School of Engineering,Deans/Executive,67,18.3932887018,116995,188247,928.0,1493.0,0.0003891321771654915,0.00038684443686238585
FY23-24,Whiting School of Engineering,Faculty,1727,457.8739476549,2997881,4823739,1190.0,1915.0,0.010030317462161252,0.00962992493110726
FY23-24,Whiting School of Engineering,Non-Employees & Affiliates,8,3.3731806188,21636,34816,2012.5,3238.5,4.646354354214824e-05,7.094414588224784e-05
FY23-24,Whiting School of Engineering,Postdocs,180,40.1543619941,272169,437911,1188.5,1912.0,0.0010454297296983355,0.0008445195312818565
FY23-24,Whiting School of Engineering,Students,882,232.5060272075,1534003,2468260,1207.0,1942.0,0.005122605675521844,0.004890026173154878
FY23-24,Whiting School of Engineering,Unavailable,1,0.9322829108,5671,9126,5671.0,9126.0,5.80794294276853e-06,1.960761142130924e-05
